employee_code,first_name,last_name,email,mobile,age,gender,department,designation,role,city,state,country,salary,bonus,experience,status,is_active,is_verified,joining_date,last_login,profile_completed,rating,created_at,updated_at
EMP0001,Priya,Patel,employee1@gmail.com,9310925784,34,Female,Support,HR Executive,Manager,Delhi,West Bengal,India,15039,15433,25,Active,1,1,2019-05-11,2025-07-05 10:00:00,0,3.6,2026-07-14 14:35:14,2026-07-14 14:35:14
EMP0002,Deepika,Singh,employee2@gmail.com,9637405998,36,Male,Mobile,Data Analyst,Employee,Vijayawada,Andhra Pradesh,India,136652,30149,22,Resigned,0,1,2021-11-15,2023-07-20 10:00:00,1,2.1,2026-07-14 14:35:14,2026-07-14 14:35:14
EMP0003,Kiran,Singh,employee3@gmail.com,9541981588,41,Male,NodeJS,Senior Software Engineer,Employee,Kolkata,Andhra Pradesh,India,118366,33563,3,Resigned,1,1,2019-08-11,2021-11-30 10:00:00,1,1.7,2026-07-14 14:35:14,2026-07-14 14:35:14
EMP0004,Harish,Patel,employee4@gmail.com,9525578583,53,Male,Mobile,Intern,Intern,Tirupati,Tamil Nadu,India,234972,36433,10,Active,1,1,2019-10-22,2025-09-11 10:00:00,0,4.3,2026-07-14 14:35:14,2026-07-14 14:35:14
EMP0005,Harish,Reddy,employee5@gmail.com,9127871015,20,Male,QA,Tester,Manager,Guntur,Uttar Pradesh,India,103947,38638,13,Inactive,0,0,2020-01-27,2023-11-08 10:00:00,0,4.9,2026-07-14 14:35:14,2026-07-14 14:35:14
EMP0006,Akhil,Patel,employee6@gmail.com,9836790277,43,Female,Marketing,Project Manager,Admin,Vijayawada,Uttar Pradesh,India,159979,22287,18,Active,1,0,2025-06-30,2026-06-28 10:00:00,0,1.4,2026-07-14 14:35:14,2026-07-14 14:35:14
EMP0007,Ramesh,Verma,employee7@gmail.com,9827413106,26,Female,Python,Junior Developer,Admin,Kochi,Andhra Pradesh,India,216458,26211,15,Inactive,1,0,2018-12-30,2019-09-15 10:00:00,0,3.1,2026-07-14 14:35:14,2026-07-14 14:35:14
EMP0008,Divya,Verma,employee8@gmail.com,9366637785,50,Female,CRM,Data Analyst,Employee,Warangal,Delhi,India,206746,4718,18,Active,1,0,2020-09-19,2022-12-23 10:00:00,1,4.2,2026-07-14 14:35:14,2026-07-14 14:35:14
EMP0009,Ravi,Das,employee9@gmail.com,9420736166,44,Male,Cloud,Accountant,Admin,Coimbatore,Uttar Pradesh,India,179420,7717,20,Active,1,1,2026-02-19,2026-05-21 10:00:00,1,2.7,2026-07-14 14:35:14,2026-07-14 14:35:14
EMP0010,Meena,Gupta,employee10@gmail.com,9424854263,27,Male,Support,DevOps Engineer,Admin,Guntur,Kerala,India,116650,26812,16,Inactive,1,1,2025-02-28,2025-10-19 10:00:00,1,2.8,2026-07-14 14:35:14,2026-07-14 14:35:14
EMP0011,Ramesh,Rao,employee11@gmail.com,9594778893,32,Female,Marketing,Senior Software Engineer,Team Lead,Bengaluru,Madhya Pradesh,India,42235,26417,3,Active,1,1,2019-01-22,2021-08-13 10:00:00,0,2.5,2026-07-14 14:35:14,2026-07-14 14:35:14
EMP0012,Akhil,Kumar,employee12@gmail.com,9519360083,46,Male,Marketing,Technical Lead,Intern,Hyderabad,Madhya Pradesh,India,144146,26378,0,Resigned,0,0,2019-08-22,2024-05-17 10:00:00,1,2.7,2026-07-14 14:35:14,2026-07-14 14:35:14
EMP0013,Madhu,Verma,employee13@gmail.com,9843737294,42,Female,Marketing,Project Manager,Team Lead,Mumbai,Telangana,India,103472,40119,14,Resigned,1,0,2024-04-12,2025-08-14 10:00:00,0,3.1,2026-07-14 14:35:14,2026-07-14 14:35:14
EMP0014,Deepika,Gupta,employee14@gmail.com,9729134582,28,Female,Security,Cloud Engineer,Admin,Bengaluru,Rajasthan,India,30790,44310,11,Inactive,0,0,2024-04-13,2026-04-27 10:00:00,0,3.6,2026-07-14 14:35:14,2026-07-14 14:35:14
EMP0015,Ganesh,Kumar,employee15@gmail.com,9488710206,31,Male,CRM,Project Manager,Manager,Mumbai,West Bengal,India,68403,28991,1,Inactive,0,0,2023-01-18,2023-12-13 10:00:00,1,3.9,2026-07-14 14:35:14,2026-07-14 14:35:14
EMP0016,Keerthi,Sharma,employee16@gmail.com,9871676522,47,Female,NodeJS,Junior Developer,Admin,Kolkata,Telangana,India,115903,14681,24,Resigned,1,0,2022-08-27,2025-01-27 10:00:00,0,3.6,2026-07-14 14:35:14,2026-07-14 14:35:14
EMP0017,Ajay,Singh,employee17@gmail.com,9567278693,47,Female,Testing,Business Analyst,Team Lead,Pune,Rajasthan,India,116401,33812,19,Active,1,1,2025-09-14,2026-02-06 10:00:00,1,3.4,2026-07-14 14:35:14,2026-07-14 14:35:14
EMP0018,Madhu,Patel,employee18@gmail.com,9668679336,59,Female,Admin,Junior Developer,Admin,Lucknow,Telangana,India,178358,47135,8,Inactive,0,1,2023-10-07,2024-04-05 10:00:00,1,4.3,2026-07-14 14:35:14,2026-07-14 14:35:14
EMP0019,Kiran,Patel,employee19@gmail.com,9739276522,37,Male,React,Tester,Admin,Lucknow,Karnataka,India,128336,27281,18,Inactive,0,0,2018-06-16,2025-10-09 10:00:00,1,1.9,2026-07-14 14:35:14,2026-07-14 14:35:14
EMP0020,Ravi,Verma,employee20@gmail.com,9818038595,53,Female,UI UX,Senior Software Engineer,Team Lead,Vijayawada,Madhya Pradesh,India,62984,29898,24,Inactive,0,1,2018-07-31,2022-04-04 10:00:00,0,3.2,2026-07-14 14:35:14,2026-07-14 14:35:14
EMP0021,Akhil,Verma,employee21@gmail.com,9582720075,59,Male,Support,Junior Developer,Admin,Coimbatore,Kerala,India,119450,45859,13,Active,1,0,2026-04-09,2026-05-02 10:00:00,0,2.5,2026-07-14 14:35:14,2026-07-14 14:35:14
EMP0022,Harish,Patel,employee22@gmail.com,9377415866,39,Male,UI UX,Software Engineer,Employee,Pune,Tamil Nadu,India,222614,5573,21,Resigned,0,0,2024-07-28,2025-02-18 10:00:00,1,1.6,2026-07-14 14:35:14,2026-07-14 14:35:14
EMP0023,Ganesh,Sharma,employee23@gmail.com,9129380819,38,Female,Cloud,Technical Lead,Intern,Vijayawada,Uttar Pradesh,India,215456,43603,2,Resigned,1,1,2024-12-31,2025-12-23 10:00:00,1,4.5,2026-07-14 14:35:14,2026-07-14 14:35:14
EMP0024,Bhavani,Rao,employee24@gmail.com,9216198228,54,Female,UI UX,HR Executive,Manager,Visakhapatnam,Karnataka,India,150084,23203,0,Inactive,1,1,2022-01-29,2022-05-24 10:00:00,1,3.4,2026-07-14 14:35:14,2026-07-14 14:35:14
EMP0025,Divya,Sharma,employee25@gmail.com,9788760422,57,Female,Admin,Technical Lead,Manager,Coimbatore,Uttar Pradesh,India,234200,32898,23,Inactive,0,1,2023-08-18,2025-12-06 10:00:00,1,1.9,2026-07-14 14:35:14,2026-07-14 14:35:14
EMP0026,Vikram,Das,employee26@gmail.com,9701303664,44,Female,NodeJS,Accountant,Employee,Chennai,Andhra Pradesh,India,51833,14813,18,Resigned,1,0,2022-05-29,2023-02-11 10:00:00,0,4.5,2026-07-14 14:35:14,2026-07-14 14:35:14
EMP0027,Madhu,Gupta,employee27@gmail.com,9570251195,41,Female,UI UX,Junior Developer,Team Lead,Chennai,Telangana,India,207270,35634,17,Inactive,1,0,2025-02-05,2025-06-08 10:00:00,0,1.9,2026-07-14 14:35:14,2026-07-14 14:35:14
EMP0028,Vikram,Naidu,employee28@gmail.com,9635461690,41,Male,UI UX,Tester,Employee,Mysuru,Delhi,India,93761,49241,3,Active,0,1,2023-06-27,2024-09-28 10:00:00,0,3.2,2026-07-14 14:35:14,2026-07-14 14:35:14
EMP0029,Naveen,Naidu,employee29@gmail.com,9112113304,59,Female,Business,Technical Lead,Team Lead,Nagpur,Madhya Pradesh,India,239053,27116,17,Active,0,1,2025-10-08,2025-10-13 10:00:00,0,1.3,2026-07-14 14:35:14,2026-07-14 14:35:14
EMP0030,Harish,Singh,employee30@gmail.com,9739890991,36,Male,QA,Junior Developer,Admin,Delhi,Karnataka,India,155425,15750,23,Active,1,0,2022-04-20,2025-11-29 10:00:00,1,4.7,2026-07-14 14:35:14,2026-07-14 14:35:14
EMP0031,Madhu,Naidu,employee31@gmail.com,9235927092,53,Female,Operations,Technical Lead,Employee,Coimbatore,Uttar Pradesh,India,159870,11045,19,Resigned,1,0,2024-12-01,2025-11-09 10:00:00,1,3.5,2026-07-14 14:35:14,2026-07-14 14:35:14
EMP0032,Sneha,Sharma,employee32@gmail.com,9225290788,41,Male,Accounts,Software Engineer,Employee,Jaipur,Uttar Pradesh,India,99718,43859,18,Resigned,1,1,2026-01-26,2026-05-16 10:00:00,1,4.5,2026-07-14 14:35:14,2026-07-14 14:35:14
EMP0033,Arjun,Singh,employee33@gmail.com,9440515692,50,Male,Sales,Intern,Team Lead,Kochi,Kerala,India,84572,9328,16,Active,1,0,2024-01-03,2024-03-27 10:00:00,0,2.5,2026-07-14 14:35:14,2026-07-14 14:35:14
EMP0034,Kiran,Reddy,employee34@gmail.com,9794902470,39,Female,Marketing,Senior Software Engineer,Manager,Kochi,Andhra Pradesh,India,62295,22638,6,Inactive,0,0,2025-03-24,2025-11-25 10:00:00,1,2.5,2026-07-14 14:35:14,2026-07-14 14:35:14
EMP0035,Varun,Gupta,employee35@gmail.com,9549156411,50,Female,QA,Data Analyst,Admin,Bengaluru,Andhra Pradesh,India,188404,34164,17,Resigned,0,0,2018-07-27,2023-03-06 10:00:00,1,4.2,2026-07-14 14:35:14,2026-07-14 14:35:14
EMP0036,Ravi,Das,employee36@gmail.com,9451180189,39,Female,Admin,Intern,Manager,Visakhapatnam,Madhya Pradesh,India,170104,17905,8,Active,1,0,2022-11-29,2026-03-01 10:00:00,1,3.3,2026-07-14 14:35:14,2026-07-14 14:35:14
EMP0037,Priya,Singh,employee37@gmail.com,9393795126,29,Male,Data Science,Intern,Admin,Coimbatore,Rajasthan,India,166966,46297,13,Inactive,1,0,2021-06-30,2022-10-21 10:00:00,0,2.7,2026-07-14 14:35:14,2026-07-14 14:35:14
EMP0038,Sai,Singh,employee38@gmail.com,9919835741,56,Female,AI,Software Engineer,Team Lead,Chennai,Karnataka,India,58113,22591,13,Inactive,1,0,2023-06-09,2024-09-17 10:00:00,0,2.1,2026-07-14 14:35:14,2026-07-14 14:35:14
EMP0039,Harish,Kumar,employee39@gmail.com,9952784448,56,Female,NodeJS,Technical Lead,Employee,Visakhapatnam,West Bengal,India,64476,16855,1,Resigned,1,1,2021-10-27,2022-02-01 10:00:00,0,2.6,2026-07-14 14:35:14,2026-07-14 14:35:14
EMP0040,Lakshmi,Gupta,employee40@gmail.com,9131737213,35,Female,ERP,Software Engineer,Employee,Coimbatore,Karnataka,India,142765,33194,0,Resigned,1,0,2019-09-08,2025-10-22 10:00:00,1,1.0,2026-07-14 14:35:14,2026-07-14 14:35:14
EMP0041,Vikram,Das,employee41@gmail.com,9453919406,43,Female,Networking,Junior Developer,Employee,Chennai,Maharashtra,India,34535,16165,18,Active,1,0,2025-07-12,2025-07-26 10:00:00,0,3.4,2026-07-14 14:35:14,2026-07-14 14:35:14
EMP0042,Ganesh,Singh,employee42@gmail.com,9775574082,37,Male,Marketing,HR Executive,Employee,Kolkata,Kerala,India,123307,7742,0,Active,1,1,2021-02-04,2024-02-23 10:00:00,1,4.1,2026-07-14 14:35:14,2026-07-14 14:35:14
EMP0043,Harish,Gupta,employee43@gmail.com,9487390021,44,Female,Java,Software Engineer,Employee,Tirupati,Madhya Pradesh,India,39253,36096,8,Active,1,0,2023-05-10,2023-12-16 10:00:00,0,3.3,2026-07-14 14:35:14,2026-07-14 14:35:14
EMP0044,Anitha,Naidu,employee44@gmail.com,9420962591,29,Female,React,Junior Developer,Employee,Guntur,Madhya Pradesh,India,90726,5803,21,Active,0,0,2026-01-01,2026-05-16 10:00:00,0,3.4,2026-07-14 14:35:14,2026-07-14 14:35:14
EMP0045,Meena,Naidu,employee45@gmail.com,9812626337,54,Female,CRM,Cloud Engineer,Manager,Mysuru,Uttar Pradesh,India,27293,48842,0,Resigned,0,1,2019-12-06,2026-05-05 10:00:00,1,3.8,2026-07-14 14:35:14,2026-07-14 14:35:14
EMP0046,Sai,Gupta,employee46@gmail.com,9996104935,47,Female,Finance,Junior Developer,Employee,Bhopal,Karnataka,India,210673,42354,0,Active,1,1,2023-10-04,2024-01-23 10:00:00,1,1.7,2026-07-14 14:35:14,2026-07-14 14:35:14
EMP0047,Akhil,Sharma,employee47@gmail.com,9785864148,44,Female,Accounts,HR Executive,Team Lead,Lucknow,Tamil Nadu,India,160016,16642,17,Resigned,1,1,2019-10-01,2026-06-20 10:00:00,1,1.1,2026-07-14 14:35:14,2026-07-14 14:35:14
EMP0048,Ganesh,Reddy,employee48@gmail.com,9369845329,57,Male,Business,Junior Developer,Intern,Visakhapatnam,West Bengal,India,242090,20683,15,Resigned,0,1,2019-02-08,2022-05-29 10:00:00,0,3.5,2026-07-14 14:35:14,2026-07-14 14:35:14
EMP0049,Naveen,Das,employee49@gmail.com,9405924185,29,Male,DevOps,Cloud Engineer,Team Lead,Delhi,Kerala,India,201914,46051,9,Inactive,1,0,2023-09-25,2025-02-03 10:00:00,0,4.4,2026-07-14 14:35:14,2026-07-14 14:35:14
EMP0050,Akhil,Kumar,employee50@gmail.com,9370438731,31,Female,Marketing,Team Lead,Intern,Warangal,Karnataka,India,46939,34490,10,Resigned,1,0,2020-11-01,2023-07-21 10:00:00,0,4.6,2026-07-14 14:35:14,2026-07-14 14:35:14
EMP0051,Akhil,Gupta,employee51@gmail.com,9276950674,23,Male,DevOps,Business Analyst,Intern,Warangal,West Bengal,India,207238,44967,12,Inactive,1,1,2025-01-29,2025-07-05 10:00:00,1,4.2,2026-07-14 14:35:14,2026-07-14 14:35:14
EMP0052,Anitha,Naidu,employee52@gmail.com,9982251293,46,Female,Security,Technical Lead,Intern,Chennai,Telangana,India,185577,2515,15,Active,0,0,2022-08-24,2023-05-02 10:00:00,1,2.9,2026-07-14 14:35:14,2026-07-14 14:35:14
EMP0053,Akhil,Patel,employee53@gmail.com,9561966055,22,Female,Mobile,Accountant,Employee,Bengaluru,Kerala,India,69923,32794,15,Resigned,1,0,2023-10-27,2025-12-08 10:00:00,1,3.9,2026-07-14 14:35:14,2026-07-14 14:35:14
EMP0054,Suresh,Patel,employee54@gmail.com,9405272008,50,Male,Java,Technical Lead,Manager,Pune,Tamil Nadu,India,138994,1176,23,Active,0,0,2025-07-11,2025-09-07 10:00:00,1,1.6,2026-07-14 14:35:14,2026-07-14 14:35:14
EMP0055,Pavan,Reddy,employee55@gmail.com,9551937732,35,Female,ERP,Manager,Manager,Lucknow,West Bengal,India,211252,3352,20,Inactive,1,1,2019-09-03,2021-04-22 10:00:00,1,3.7,2026-07-14 14:35:14,2026-07-14 14:35:14
EMP0056,Suresh,Reddy,employee56@gmail.com,9536268722,51,Male,UI UX,Business Analyst,Admin,Warangal,Kerala,India,67487,8547,7,Resigned,0,0,2026-04-28,2026-05-06 10:00:00,1,3.0,2026-07-14 14:35:14,2026-07-14 14:35:14
EMP0057,Varun,Sharma,employee57@gmail.com,9820523089,58,Female,React,Team Lead,Team Lead,Bhopal,Delhi,India,155413,24872,23,Resigned,1,1,2019-08-19,2025-09-11 10:00:00,1,2.7,2026-07-14 14:35:14,2026-07-14 14:35:14
EMP0058,Vikram,Patel,employee58@gmail.com,9422769153,58,Male,Data Science,Accountant,Manager,Delhi,Kerala,India,191943,25189,14,Active,0,0,2022-09-26,2023-02-02 10:00:00,0,4.7,2026-07-14 14:35:14,2026-07-14 14:35:14
EMP0059,Ganesh,Kumar,employee59@gmail.com,9776178554,36,Male,Networking,Cloud Engineer,Employee,Kolkata,Andhra Pradesh,India,216959,3655,11,Inactive,1,1,2019-01-30,2023-06-14 10:00:00,0,3.1,2026-07-14 14:35:14,2026-07-14 14:35:14
EMP0060,Meena,Verma,employee60@gmail.com,9595670446,50,Female,React,Technical Lead,Intern,Hyderabad,Tamil Nadu,India,82791,40113,0,Active,0,0,2026-02-15,2026-02-20 10:00:00,1,1.7,2026-07-14 14:35:14,2026-07-14 14:35:14
EMP0061,Ganesh,Reddy,employee61@gmail.com,9396981595,58,Female,QA,Technical Lead,Intern,Kochi,Telangana,India,190774,8965,9,Active,1,0,2020-04-24,2025-04-17 10:00:00,0,2.3,2026-07-14 14:35:14,2026-07-14 14:35:14
EMP0062,Naveen,Reddy,employee62@gmail.com,9996548714,38,Male,Accounts,Senior Software Engineer,Intern,Kolkata,Uttar Pradesh,India,178481,13840,9,Active,1,0,2024-05-31,2024-06-17 10:00:00,1,2.1,2026-07-14 14:35:14,2026-07-14 14:35:14
EMP0063,Vikram,Gupta,employee63@gmail.com,9570671212,43,Female,Security,Business Analyst,Employee,Guntur,Tamil Nadu,India,31499,18861,25,Active,0,1,2025-11-04,2026-05-06 10:00:00,1,1.1,2026-07-14 14:35:14,2026-07-14 14:35:14
EMP0064,Arjun,Patel,employee64@gmail.com,9997373828,33,Female,Marketing,Manager,Admin,Kolkata,Tamil Nadu,India,35980,37209,20,Inactive,1,0,2019-08-28,2023-06-14 10:00:00,0,3.1,2026-07-14 14:35:14,2026-07-14 14:35:14
EMP0065,Varun,Verma,employee65@gmail.com,9999208313,41,Female,Security,Intern,Team Lead,Mysuru,Maharashtra,India,97836,47526,16,Inactive,0,1,2020-12-09,2025-11-22 10:00:00,0,4.0,2026-07-14 14:35:14,2026-07-14 14:35:14
EMP0066,Ganesh,Rao,employee66@gmail.com,9762468427,28,Male,UI UX,Data Analyst,Admin,Delhi,West Bengal,India,176178,17492,5,Active,0,0,2025-07-21,2025-10-11 10:00:00,1,3.3,2026-07-14 14:35:14,2026-07-14 14:35:14
EMP0067,Harish,Patel,employee67@gmail.com,9644473591,34,Female,Support,Technical Lead,Intern,Bhopal,Uttar Pradesh,India,97296,19536,21,Active,0,0,2018-05-06,2021-06-10 10:00:00,0,2.7,2026-07-14 14:35:14,2026-07-14 14:35:14
EMP0068,Sneha,Sharma,employee68@gmail.com,9102636018,22,Female,Testing,Senior Software Engineer,Manager,Tirupati,Tamil Nadu,India,28605,49419,14,Resigned,1,0,2021-11-04,2022-09-29 10:00:00,0,1.8,2026-07-14 14:35:14,2026-07-14 14:35:14
EMP0069,Divya,Sharma,employee69@gmail.com,9732744743,52,Male,Business,Intern,Employee,Mumbai,Maharashtra,India,128382,28883,12,Inactive,0,0,2022-06-08,2026-01-23 10:00:00,0,3.1,2026-07-14 14:35:14,2026-07-14 14:35:14
EMP0070,Varun,Das,employee70@gmail.com,9740027465,52,Female,HR,Business Analyst,Employee,Warangal,Karnataka,India,215607,33059,13,Inactive,0,0,2023-05-18,2024-05-04 10:00:00,1,3.5,2026-07-14 14:35:14,2026-07-14 14:35:14
EMP0071,Harish,Singh,employee71@gmail.com,9336730241,23,Male,Sales,Senior Software Engineer,Admin,Jaipur,Tamil Nadu,India,114228,7406,20,Active,1,1,2022-10-11,2025-03-09 10:00:00,0,4.6,2026-07-14 14:35:14,2026-07-14 14:35:14
EMP0072,Madhu,Patel,employee72@gmail.com,9799986721,24,Male,HR,Technical Lead,Employee,Mumbai,Tamil Nadu,India,220087,37093,22,Active,0,1,2020-05-31,2021-07-24 10:00:00,1,2.6,2026-07-14 14:35:14,2026-07-14 14:35:14
EMP0073,Akhil,Singh,employee73@gmail.com,9326612865,25,Female,Security,Tester,Admin,Delhi,Kerala,India,247317,3704,22,Active,0,1,2019-03-25,2021-02-01 10:00:00,0,2.2,2026-07-14 14:35:14,2026-07-14 14:35:14
EMP0074,Ramesh,Sharma,employee74@gmail.com,9730858950,45,Male,Java,Junior Developer,Admin,Nagpur,Tamil Nadu,India,53812,5230,21,Inactive,0,1,2024-07-08,2025-08-24 10:00:00,1,4.0,2026-07-14 14:35:14,2026-07-14 14:35:14
EMP0075,Ganesh,Patel,employee75@gmail.com,9729658101,38,Female,React,DevOps Engineer,Manager,Coimbatore,Andhra Pradesh,India,88453,41291,13,Active,1,1,2018-07-19,2021-09-10 10:00:00,0,3.8,2026-07-14 14:35:14,2026-07-14 14:35:14
EMP0076,Sneha,Reddy,employee76@gmail.com,9302548392,53,Female,Operations,Data Analyst,Intern,Hyderabad,Delhi,India,93303,36227,6,Resigned,1,0,2018-12-28,2019-08-19 10:00:00,0,4.1,2026-07-14 14:35:14,2026-07-14 14:35:14
EMP0077,Suresh,Patel,employee77@gmail.com,9233657604,24,Male,Design,Manager,Intern,Jaipur,West Bengal,India,179482,8510,15,Active,0,1,2018-09-04,2024-06-21 10:00:00,1,2.4,2026-07-14 14:35:14,2026-07-14 14:35:14
EMP0078,Meena,Gupta,employee78@gmail.com,9687207325,54,Male,Sales,Technical Lead,Employee,Lucknow,West Bengal,India,119832,40986,18,Resigned,0,0,2024-01-04,2024-05-15 10:00:00,0,3.7,2026-07-14 14:35:14,2026-07-14 14:35:14
EMP0079,Anitha,Rao,employee79@gmail.com,9502305878,31,Male,Finance,Data Analyst,Team Lead,Guntur,Tamil Nadu,India,244967,8502,7,Inactive,1,1,2020-03-11,2024-08-02 10:00:00,1,1.8,2026-07-14 14:35:14,2026-07-14 14:35:14
EMP0080,Sneha,Singh,employee80@gmail.com,9530778459,51,Female,Data Science,HR Executive,Employee,Coimbatore,Telangana,India,136030,2579,20,Active,0,0,2024-09-27,2025-03-16 10:00:00,0,2.9,2026-07-14 14:35:14,2026-07-14 14:35:14
EMP0081,Akhil,Rao,employee81@gmail.com,9244260614,43,Female,Marketing,Software Engineer,Intern,Nagpur,Rajasthan,India,62966,48326,6,Resigned,0,0,2024-10-31,2025-12-23 10:00:00,0,1.6,2026-07-14 14:35:14,2026-07-14 14:35:14
EMP0082,Suresh,Singh,employee82@gmail.com,9935949835,44,Male,QA,Senior Software Engineer,Team Lead,Lucknow,Maharashtra,India,162029,8927,22,Resigned,1,1,2023-11-12,2025-04-24 10:00:00,0,3.7,2026-07-14 14:35:14,2026-07-14 14:35:14
EMP0083,Pavan,Reddy,employee83@gmail.com,9137657286,32,Male,Finance,Project Manager,Intern,Bhopal,Rajasthan,India,242071,2553,20,Inactive,0,1,2024-03-29,2025-10-07 10:00:00,0,4.0,2026-07-14 14:35:14,2026-07-14 14:35:14
EMP0084,Priya,Das,employee84@gmail.com,9240494780,33,Male,React,Project Manager,Admin,Pune,Telangana,India,82037,46217,9,Resigned,0,1,2022-12-15,2026-06-06 10:00:00,0,4.4,2026-07-14 14:35:14,2026-07-14 14:35:14
EMP0085,Arjun,Naidu,employee85@gmail.com,9683665443,36,Female,Support,Business Analyst,Manager,Chennai,Uttar Pradesh,India,226442,29349,6,Inactive,1,0,2025-06-06,2026-05-16 10:00:00,0,4.2,2026-07-14 14:35:14,2026-07-14 14:35:14
EMP0086,Suresh,Sharma,employee86@gmail.com,9967628545,29,Male,UI UX,Cloud Engineer,Admin,Lucknow,Rajasthan,India,105088,9310,15,Resigned,0,0,2023-08-31,2024-06-24 10:00:00,0,1.1,2026-07-14 14:35:14,2026-07-14 14:35:14
EMP0087,Divya,Verma,employee87@gmail.com,9433047633,42,Female,Java,Data Analyst,Manager,Mysuru,Rajasthan,India,43697,21875,14,Active,0,1,2025-04-03,2026-06-21 10:00:00,1,2.8,2026-07-14 14:35:14,2026-07-14 14:35:14
EMP0088,Madhu,Kumar,employee88@gmail.com,9556393016,58,Male,Java,Cloud Engineer,Admin,Pune,Maharashtra,India,239989,16071,20,Resigned,0,1,2021-06-13,2023-11-03 10:00:00,1,1.1,2026-07-14 14:35:14,2026-07-14 14:35:14
EMP0089,Lakshmi,Gupta,employee89@gmail.com,9163575544,35,Male,ERP,Tester,Intern,Coimbatore,Telangana,India,129283,44434,11,Resigned,1,1,2018-06-19,2025-09-04 10:00:00,0,3.6,2026-07-14 14:35:14,2026-07-14 14:35:14
EMP0090,Divya,Patel,employee90@gmail.com,9326532429,25,Female,ERP,Business Analyst,Admin,Kochi,Madhya Pradesh,India,242659,2327,1,Resigned,1,1,2021-10-09,2023-08-19 10:00:00,1,3.0,2026-07-14 14:35:14,2026-07-14 14:35:14
EMP0091,Suresh,Das,employee91@gmail.com,9755709193,33,Male,DevOps,DevOps Engineer,Admin,Kolkata,Delhi,India,20651,44547,13,Inactive,0,1,2025-11-23,2026-06-30 10:00:00,0,3.7,2026-07-14 14:35:14,2026-07-14 14:35:14
EMP0092,Ajay,Naidu,employee92@gmail.com,9478214983,24,Female,Security,Cloud Engineer,Intern,Guntur,Kerala,India,203852,15552,8,Resigned,1,1,2019-02-05,2020-04-17 10:00:00,1,3.3,2026-07-14 14:35:14,2026-07-14 14:35:14
EMP0093,Sai,Gupta,employee93@gmail.com,9673818616,22,Female,Data Science,Software Engineer,Intern,Mysuru,West Bengal,India,27543,41749,5,Active,1,1,2020-12-06,2024-11-08 10:00:00,0,3.5,2026-07-14 14:35:14,2026-07-14 14:35:14
EMP0094,Ravi,Sharma,employee94@gmail.com,9622725413,46,Male,Business,Tester,Employee,Coimbatore,Tamil Nadu,India,113680,38620,15,Inactive,0,0,2019-05-05,2026-06-10 10:00:00,0,2.6,2026-07-14 14:35:14,2026-07-14 14:35:14
EMP0095,Ajay,Gupta,employee95@gmail.com,9826346457,41,Male,Accounts,Junior Developer,Admin,Chennai,Madhya Pradesh,India,142890,8630,12,Active,1,0,2024-09-19,2025-03-15 10:00:00,0,4.8,2026-07-14 14:35:14,2026-07-14 14:35:14
EMP0096,Kiran,Kumar,employee96@gmail.com,9303288413,28,Female,AI,Junior Developer,Admin,Mumbai,Andhra Pradesh,India,93553,9938,12,Resigned,0,0,2019-04-11,2019-08-10 10:00:00,0,2.9,2026-07-14 14:35:14,2026-07-14 14:35:14
EMP0097,Kiran,Das,employee97@gmail.com,9922156388,35,Male,Operations,Cloud Engineer,Team Lead,Bhopal,Maharashtra,India,148497,27353,10,Active,0,0,2023-08-13,2024-03-11 10:00:00,0,4.4,2026-07-14 14:35:14,2026-07-14 14:35:14
EMP0098,Sai,Sharma,employee98@gmail.com,9692636286,24,Male,Sales,Data Analyst,Manager,Visakhapatnam,Kerala,India,197054,44135,2,Resigned,0,0,2021-04-24,2023-07-19 10:00:00,0,3.6,2026-07-14 14:35:14,2026-07-14 14:35:14
EMP0099,Anitha,Singh,employee99@gmail.com,9356676113,28,Female,NodeJS,Senior Software Engineer,Intern,Hyderabad,Karnataka,India,101004,32674,16,Inactive,0,1,2021-01-23,2021-08-13 10:00:00,1,2.3,2026-07-14 14:35:14,2026-07-14 14:35:14
EMP0100,Anitha,Verma,employee100@gmail.com,9195391438,30,Female,Mobile,Business Analyst,Admin,Guntur,Andhra Pradesh,India,148012,34582,4,Resigned,1,1,2024-11-30,2026-05-24 10:00:00,1,2.7,2026-07-14 14:35:14,2026-07-14 14:35:14
EMP0101,Vikram,Rao,employee101@gmail.com,9141843619,45,Male,QA,HR Executive,Manager,Chennai,Kerala,India,100521,38508,7,Inactive,1,0,2024-01-25,2025-08-10 10:00:00,0,2.2,2026-07-14 14:35:14,2026-07-14 14:35:14
EMP0102,Divya,Gupta,employee102@gmail.com,9211114485,52,Male,Admin,Cloud Engineer,Team Lead,Bengaluru,Tamil Nadu,India,73271,12542,23,Resigned,1,0,2024-03-21,2024-12-20 10:00:00,1,3.7,2026-07-14 14:35:14,2026-07-14 14:35:14
EMP0103,Vikram,Rao,employee103@gmail.com,9537683540,33,Male,Finance,Manager,Admin,Hyderabad,Andhra Pradesh,India,219912,1489,7,Active,1,0,2022-10-03,2026-02-11 10:00:00,1,3.1,2026-07-14 14:35:14,2026-07-14 14:35:14
EMP0104,Keerthi,Singh,employee104@gmail.com,9133949704,40,Male,CRM,Senior Software Engineer,Employee,Vijayawada,Uttar Pradesh,India,134901,16061,3,Resigned,1,1,2024-07-08,2026-01-15 10:00:00,1,2.2,2026-07-14 14:35:14,2026-07-14 14:35:14
EMP0105,Suresh,Reddy,employee105@gmail.com,9367834314,29,Female,Admin,Manager,Intern,Pune,Madhya Pradesh,India,146585,24527,16,Active,1,1,2022-09-05,2023-12-27 10:00:00,1,1.6,2026-07-14 14:35:14,2026-07-14 14:35:14
EMP0106,Arjun,Verma,employee106@gmail.com,9934566658,25,Female,CRM,Team Lead,Intern,Delhi,Karnataka,India,67937,5738,22,Resigned,0,1,2023-07-20,2025-10-14 10:00:00,0,1.9,2026-07-14 14:35:14,2026-07-14 14:35:14
EMP0107,Pavan,Das,employee107@gmail.com,9889611411,31,Female,React,Manager,Team Lead,Visakhapatnam,Kerala,India,217178,48817,22,Resigned,0,1,2018-05-01,2025-01-22 10:00:00,1,3.7,2026-07-14 14:35:14,2026-07-14 14:35:14
EMP0108,Madhu,Sharma,employee108@gmail.com,9437336368,60,Male,CRM,Data Analyst,Team Lead,Coimbatore,Telangana,India,197874,34757,13,Resigned,1,0,2023-01-28,2025-12-19 10:00:00,0,4.7,2026-07-14 14:35:14,2026-07-14 14:35:14
EMP0109,Ramesh,Rao,employee109@gmail.com,9671216304,51,Male,Python,HR Executive,Admin,Nagpur,Madhya Pradesh,India,42970,29395,3,Active,0,1,2020-06-19,2023-01-20 10:00:00,1,4.3,2026-07-14 14:35:14,2026-07-14 14:35:14
EMP0110,Harish,Rao,employee110@gmail.com,9640055012,40,Female,Finance,Tester,Manager,Pune,Telangana,India,51265,4519,1,Inactive,1,0,2020-07-05,2025-08-31 10:00:00,1,3.6,2026-07-14 14:35:14,2026-07-14 14:35:14
EMP0111,Anitha,Das,employee111@gmail.com,9782707299,44,Female,QA,HR Executive,Team Lead,Hyderabad,Kerala,India,34428,6951,0,Resigned,1,0,2023-12-04,2024-04-30 10:00:00,0,2.2,2026-07-14 14:35:14,2026-07-14 14:35:14
EMP0112,Suresh,Sharma,employee112@gmail.com,9120589294,54,Male,Security,Data Analyst,Intern,Guntur,West Bengal,India,31407,18854,0,Inactive,0,0,2022-01-19,2025-03-08 10:00:00,1,4.3,2026-07-14 14:35:14,2026-07-14 14:35:14
EMP0113,Rahul,Patel,employee113@gmail.com,9124691495,34,Female,Testing,Business Analyst,Manager,Mumbai,West Bengal,India,203840,43727,6,Resigned,0,0,2022-07-13,2026-02-02 10:00:00,1,2.8,2026-07-14 14:35:14,2026-07-14 14:35:14
EMP0114,Naveen,Gupta,employee114@gmail.com,9605661795,25,Female,DevOps,Tester,Admin,Lucknow,Tamil Nadu,India,56146,5057,1,Active,1,1,2023-10-06,2023-12-21 10:00:00,1,3.1,2026-07-14 14:35:14,2026-07-14 14:35:14
EMP0115,Ganesh,Gupta,employee115@gmail.com,9460469940,36,Male,Marketing,Tester,Intern,Bengaluru,Madhya Pradesh,India,134880,29876,13,Resigned,0,1,2022-04-25,2024-01-08 10:00:00,1,2.7,2026-07-14 14:35:14,2026-07-14 14:35:14
EMP0116,Harish,Rao,employee116@gmail.com,9318908028,33,Female,AI,Junior Developer,Team Lead,Jaipur,Maharashtra,India,216515,17321,8,Active,1,1,2022-02-13,2022-05-28 10:00:00,0,4.1,2026-07-14 14:35:14,2026-07-14 14:35:14
EMP0117,Pavan,Naidu,employee117@gmail.com,9454585589,43,Female,Admin,Project Manager,Manager,Lucknow,Tamil Nadu,India,228409,29975,6,Resigned,1,0,2022-11-03,2023-08-26 10:00:00,0,2.8,2026-07-14 14:35:14,2026-07-14 14:35:14
EMP0118,Varun,Naidu,employee118@gmail.com,9827869876,46,Female,HR,Accountant,Manager,Indore,West Bengal,India,45469,40632,2,Resigned,0,0,2022-03-08,2022-09-17 10:00:00,1,4.7,2026-07-14 14:35:14,2026-07-14 14:35:14
EMP0119,Keerthi,Rao,employee119@gmail.com,9543530700,42,Male,Mobile,Business Analyst,Manager,Kolkata,Delhi,India,90009,15452,21,Inactive,1,0,2019-03-30,2022-02-18 10:00:00,0,4.5,2026-07-14 14:35:14,2026-07-14 14:35:14
EMP0120,Bhavani,Gupta,employee120@gmail.com,9363005323,27,Male,Operations,Intern,Manager,Bhopal,Kerala,India,57129,49261,3,Active,0,0,2025-04-24,2026-01-05 10:00:00,0,3.2,2026-07-14 14:35:14,2026-07-14 14:35:14
EMP0121,Harish,Verma,employee121@gmail.com,9364522663,38,Female,Finance,DevOps Engineer,Team Lead,Visakhapatnam,Telangana,India,133791,7147,4,Resigned,1,1,2019-07-02,2024-03-03 10:00:00,1,2.2,2026-07-14 14:35:14,2026-07-14 14:35:14
EMP0122,Meena,Das,employee122@gmail.com,9641697314,28,Male,Design,Cloud Engineer,Employee,Delhi,West Bengal,India,57609,3336,20,Inactive,1,0,2020-06-24,2020-09-30 10:00:00,0,2.1,2026-07-14 14:35:14,2026-07-14 14:35:14
EMP0123,Keerthi,Rao,employee123@gmail.com,9988155975,37,Female,UI UX,Junior Developer,Intern,Kolkata,Delhi,India,244948,14872,2,Active,0,1,2018-07-10,2023-05-15 10:00:00,1,1.7,2026-07-14 14:35:14,2026-07-14 14:35:14
EMP0124,Meena,Patel,employee124@gmail.com,9796622607,20,Male,Marketing,Software Engineer,Manager,Chennai,Uttar Pradesh,India,136499,3237,24,Resigned,0,1,2023-07-07,2024-03-02 10:00:00,0,3.0,2026-07-14 14:35:14,2026-07-14 14:35:14
EMP0125,Madhu,Verma,employee125@gmail.com,9518719371,35,Male,HR,Junior Developer,Employee,Delhi,Karnataka,India,38085,45664,1,Resigned,0,0,2025-08-15,2025-10-09 10:00:00,1,3.6,2026-07-14 14:35:14,2026-07-14 14:35:14
EMP0126,Harish,Singh,employee126@gmail.com,9716431839,43,Female,CRM,DevOps Engineer,Manager,Jaipur,West Bengal,India,196657,46332,14,Inactive,1,0,2019-08-10,2025-10-22 10:00:00,1,4.6,2026-07-14 14:35:14,2026-07-14 14:35:14
EMP0127,Akhil,Das,employee127@gmail.com,9829713591,21,Female,Java,Software Engineer,Intern,Kochi,Madhya Pradesh,India,167118,35556,6,Inactive,0,0,2018-07-01,2025-02-14 10:00:00,0,3.9,2026-07-14 14:35:14,2026-07-14 14:35:14
EMP0128,Kiran,Verma,employee128@gmail.com,9778172981,38,Male,Design,Software Engineer,Admin,Guntur,Tamil Nadu,India,191769,45988,21,Inactive,1,1,2024-07-25,2025-03-04 10:00:00,1,2.1,2026-07-14 14:35:14,2026-07-14 14:35:14
EMP0129,Meena,Reddy,employee129@gmail.com,9684842414,44,Female,Operations,Project Manager,Manager,Bhopal,West Bengal,India,31501,20617,7,Active,0,0,2025-10-03,2026-04-19 10:00:00,1,3.1,2026-07-14 14:35:14,2026-07-14 14:35:14
EMP0130,Sneha,Verma,employee130@gmail.com,9280038412,28,Female,HR,DevOps Engineer,Team Lead,Mysuru,Kerala,India,105835,36952,20,Active,1,0,2025-11-10,2026-01-03 10:00:00,1,4.7,2026-07-14 14:35:14,2026-07-14 14:35:14
EMP0131,Naveen,Reddy,employee131@gmail.com,9168406899,33,Female,Design,HR Executive,Employee,Delhi,Madhya Pradesh,India,71314,17963,0,Active,0,0,2019-11-10,2021-06-20 10:00:00,0,4.1,2026-07-14 14:35:14,2026-07-14 14:35:14
EMP0132,Varun,Das,employee132@gmail.com,9598843571,59,Male,Operations,Team Lead,Intern,Jaipur,Delhi,India,103353,1163,1,Resigned,0,0,2022-04-13,2024-07-23 10:00:00,1,3.0,2026-07-14 14:35:14,2026-07-14 14:35:14
EMP0133,Divya,Patel,employee133@gmail.com,9712319750,40,Male,Support,Data Analyst,Admin,Jaipur,Madhya Pradesh,India,101812,27177,1,Resigned,0,0,2019-06-29,2022-09-15 10:00:00,1,3.4,2026-07-14 14:35:14,2026-07-14 14:35:14
EMP0134,Varun,Patel,employee134@gmail.com,9456982263,57,Male,NodeJS,HR Executive,Manager,Pune,Delhi,India,79474,8255,2,Inactive,0,0,2026-02-14,2026-05-17 10:00:00,1,4.8,2026-07-14 14:35:14,2026-07-14 14:35:14
EMP0135,Madhu,Sharma,employee135@gmail.com,9708179220,60,Female,Python,Tester,Manager,Kochi,Rajasthan,India,124823,48990,12,Resigned,0,1,2023-10-19,2024-04-23 10:00:00,0,1.2,2026-07-14 14:35:14,2026-07-14 14:35:14
EMP0136,Rahul,Kumar,employee136@gmail.com,9606927953,56,Female,Mobile,Cloud Engineer,Admin,Warangal,Delhi,India,101596,7218,22,Inactive,0,1,2020-01-12,2023-11-19 10:00:00,0,4.8,2026-07-14 14:35:14,2026-07-14 14:35:14
EMP0137,Vikram,Gupta,employee137@gmail.com,9731901097,27,Male,Networking,Tester,Team Lead,Tirupati,Tamil Nadu,India,71684,31395,17,Inactive,0,0,2018-09-09,2018-12-11 10:00:00,1,3.8,2026-07-14 14:35:14,2026-07-14 14:35:14
EMP0138,Akhil,Das,employee138@gmail.com,9268436587,49,Female,Admin,Tester,Manager,Kochi,Maharashtra,India,204453,41683,7,Resigned,1,0,2025-04-26,2025-06-11 10:00:00,0,4.0,2026-07-14 14:35:14,2026-07-14 14:35:14
EMP0139,Varun,Reddy,employee139@gmail.com,9956118261,60,Male,NodeJS,Manager,Team Lead,Warangal,Kerala,India,106203,25599,14,Resigned,1,0,2022-05-18,2026-05-21 10:00:00,0,3.1,2026-07-14 14:35:14,2026-07-14 14:35:14
EMP0140,Harish,Patel,employee140@gmail.com,9653363877,22,Male,React,Accountant,Intern,Tirupati,Maharashtra,India,198990,30359,16,Resigned,1,0,2022-07-24,2023-11-18 10:00:00,0,2.2,2026-07-14 14:35:14,2026-07-14 14:35:14
EMP0141,Ramesh,Rao,employee141@gmail.com,9185483181,30,Male,React,Team Lead,Manager,Lucknow,Andhra Pradesh,India,249144,47587,3,Active,1,0,2022-11-01,2023-08-09 10:00:00,0,4.9,2026-07-14 14:35:14,2026-07-14 14:35:14
EMP0142,Suresh,Gupta,employee142@gmail.com,9617820928,45,Female,Security,Intern,Employee,Pune,Rajasthan,India,233411,5226,15,Inactive,0,1,2021-02-15,2025-03-02 10:00:00,1,2.6,2026-07-14 14:35:14,2026-07-14 14:35:14
EMP0143,Ramesh,Reddy,employee143@gmail.com,9431380933,46,Male,Design,Intern,Manager,Jaipur,Telangana,India,67299,4501,22,Resigned,1,0,2023-05-25,2024-07-02 10:00:00,1,3.9,2026-07-14 14:35:14,2026-07-14 14:35:14
EMP0144,Naveen,Naidu,employee144@gmail.com,9145464191,45,Male,CRM,HR Executive,Employee,Mysuru,Telangana,India,52799,3841,11,Resigned,0,0,2019-10-28,2021-10-27 10:00:00,1,3.4,2026-07-14 14:35:14,2026-07-14 14:35:14
EMP0145,Deepika,Singh,employee145@gmail.com,9730242704,39,Male,Security,HR Executive,Team Lead,Bengaluru,Karnataka,India,70867,20035,1,Active,1,1,2019-04-12,2024-09-10 10:00:00,0,2.1,2026-07-14 14:35:14,2026-07-14 14:35:14
EMP0146,Lakshmi,Rao,employee146@gmail.com,9698157820,43,Female,React,Technical Lead,Intern,Pune,West Bengal,India,232484,47361,9,Active,0,0,2022-06-30,2022-09-15 10:00:00,0,1.5,2026-07-14 14:35:14,2026-07-14 14:35:14
EMP0147,Meena,Naidu,employee147@gmail.com,9810295780,33,Female,ERP,Manager,Team Lead,Kolkata,Kerala,India,64857,44617,10,Resigned,0,1,2018-07-21,2025-09-25 10:00:00,1,3.0,2026-07-14 14:35:14,2026-07-14 14:35:14
EMP0148,Kiran,Reddy,employee148@gmail.com,9808497625,41,Male,Support,Junior Developer,Employee,Mumbai,Rajasthan,India,134696,40671,12,Active,1,0,2025-02-05,2025-04-03 10:00:00,1,3.9,2026-07-14 14:35:14,2026-07-14 14:35:14
EMP0149,Ramesh,Patel,employee149@gmail.com,9494607098,43,Male,Data Science,Senior Software Engineer,Team Lead,Vijayawada,Karnataka,India,241034,48867,6,Resigned,0,1,2022-09-17,2023-06-10 10:00:00,0,3.7,2026-07-14 14:35:14,2026-07-14 14:35:14
EMP0150,Lakshmi,Sharma,employee150@gmail.com,9316239901,23,Male,HR,Technical Lead,Team Lead,Warangal,Telangana,India,206317,26223,2,Active,0,0,2023-08-04,2023-09-21 10:00:00,1,4.3,2026-07-14 14:35:14,2026-07-14 14:35:14
EMP0151,Harish,Kumar,employee151@gmail.com,9560943823,36,Female,Cloud,Junior Developer,Team Lead,Mysuru,Telangana,India,223565,20628,18,Resigned,0,0,2024-03-21,2025-05-18 10:00:00,1,4.5,2026-07-14 14:35:14,2026-07-14 14:35:14
EMP0152,Naveen,Naidu,employee152@gmail.com,9472486298,20,Female,DevOps,Data Analyst,Team Lead,Nagpur,Uttar Pradesh,India,142623,13636,2,Active,0,1,2022-02-10,2023-07-11 10:00:00,0,4.0,2026-07-14 14:35:14,2026-07-14 14:35:14
EMP0153,Ganesh,Singh,employee153@gmail.com,9358973987,26,Male,Mobile,Team Lead,Manager,Bhopal,Karnataka,India,162600,21728,12,Inactive,1,1,2022-06-29,2022-11-20 10:00:00,1,1.2,2026-07-14 14:35:14,2026-07-14 14:35:14
EMP0154,Akhil,Naidu,employee154@gmail.com,9967223365,54,Male,QA,Team Lead,Employee,Bhopal,Uttar Pradesh,India,76841,22977,22,Inactive,1,0,2023-10-10,2025-04-11 10:00:00,1,2.7,2026-07-14 14:35:14,2026-07-14 14:35:14
EMP0155,Pavan,Rao,employee155@gmail.com,9468127285,47,Female,Support,Tester,Admin,Coimbatore,Andhra Pradesh,India,232238,13403,7,Resigned,1,0,2022-03-13,2026-05-27 10:00:00,1,4.4,2026-07-14 14:35:14,2026-07-14 14:35:14
EMP0156,Ganesh,Gupta,employee156@gmail.com,9395666058,20,Female,Networking,DevOps Engineer,Intern,Vijayawada,West Bengal,India,92070,17353,17,Active,0,1,2019-06-26,2025-02-02 10:00:00,0,2.6,2026-07-14 14:35:14,2026-07-14 14:35:14
EMP0157,Ganesh,Kumar,employee157@gmail.com,9983143680,37,Female,Business,Junior Developer,Team Lead,Visakhapatnam,Tamil Nadu,India,33201,15911,4,Active,1,0,2023-03-20,2025-01-10 10:00:00,1,4.5,2026-07-14 14:35:14,2026-07-14 14:35:14
EMP0158,Deepika,Verma,employee158@gmail.com,9184946851,58,Female,HR,Tester,Intern,Vijayawada,Andhra Pradesh,India,29160,40273,7,Inactive,1,1,2021-07-28,2025-05-17 10:00:00,0,4.0,2026-07-14 14:35:14,2026-07-14 14:35:14
EMP0159,Arjun,Naidu,employee159@gmail.com,9748019041,50,Male,Accounts,Accountant,Manager,Chennai,Kerala,India,161648,42091,6,Active,1,1,2025-12-02,2026-02-26 10:00:00,0,1.6,2026-07-14 14:35:14,2026-07-14 14:35:14
EMP0160,Keerthi,Reddy,employee160@gmail.com,9434411373,47,Female,Admin,HR Executive,Team Lead,Warangal,Karnataka,India,132996,30382,0,Inactive,1,1,2020-03-13,2022-09-22 10:00:00,0,4.6,2026-07-14 14:35:14,2026-07-14 14:35:14
EMP0161,Varun,Das,employee161@gmail.com,9192111250,38,Female,React,Senior Software Engineer,Employee,Nagpur,Uttar Pradesh,India,163381,23456,10,Resigned,0,0,2019-06-05,2021-04-23 10:00:00,1,1.8,2026-07-14 14:35:14,2026-07-14 14:35:14
EMP0162,Arjun,Kumar,employee162@gmail.com,9604498194,54,Female,NodeJS,Data Analyst,Intern,Hyderabad,Karnataka,India,140608,24979,20,Resigned,0,1,2021-12-06,2023-03-11 10:00:00,1,2.8,2026-07-14 14:35:14,2026-07-14 14:35:14
EMP0163,Ramesh,Gupta,employee163@gmail.com,9757904487,26,Male,Operations,Business Analyst,Intern,Pune,Maharashtra,India,91645,14121,21,Inactive,0,1,2020-05-01,2021-11-02 10:00:00,0,1.7,2026-07-14 14:35:14,2026-07-14 14:35:14
EMP0164,Akhil,Singh,employee164@gmail.com,9952347007,57,Male,Sales,Intern,Intern,Bhopal,Andhra Pradesh,India,161006,11270,19,Active,1,1,2023-08-02,2023-08-13 10:00:00,1,3.7,2026-07-14 14:35:14,2026-07-14 14:35:14
EMP0165,Varun,Gupta,employee165@gmail.com,9204393112,25,Female,Python,Manager,Employee,Chennai,Tamil Nadu,India,248848,36487,16,Inactive,0,0,2023-03-11,2024-08-05 10:00:00,0,1.2,2026-07-14 14:35:14,2026-07-14 14:35:14
EMP0166,Harish,Kumar,employee166@gmail.com,9750728532,32,Female,NodeJS,Cloud Engineer,Manager,Kochi,Delhi,India,79525,18065,24,Resigned,0,1,2024-12-04,2026-03-18 10:00:00,1,4.0,2026-07-14 14:35:14,2026-07-14 14:35:14
EMP0167,Lakshmi,Das,employee167@gmail.com,9125188385,26,Male,Finance,DevOps Engineer,Employee,Pune,Maharashtra,India,101145,46572,23,Resigned,1,0,2024-05-24,2025-06-17 10:00:00,0,1.1,2026-07-14 14:35:14,2026-07-14 14:35:14
EMP0168,Keerthi,Reddy,employee168@gmail.com,9419577378,33,Male,Accounts,Business Analyst,Intern,Visakhapatnam,Karnataka,India,183020,27956,18,Inactive,1,0,2026-06-11,2026-07-10 10:00:00,0,2.8,2026-07-14 14:35:14,2026-07-14 14:35:14
EMP0169,Ajay,Rao,employee169@gmail.com,9662260455,49,Female,Admin,Senior Software Engineer,Intern,Vijayawada,Kerala,India,181391,48919,19,Active,0,0,2023-07-18,2024-02-13 10:00:00,1,3.6,2026-07-14 14:35:14,2026-07-14 14:35:14
EMP0170,Harish,Kumar,employee170@gmail.com,9614374122,29,Female,Finance,Business Analyst,Admin,Nagpur,Delhi,India,71278,11715,22,Inactive,0,1,2020-07-03,2025-09-07 10:00:00,1,2.0,2026-07-14 14:35:14,2026-07-14 14:35:14
EMP0171,Rahul,Kumar,employee171@gmail.com,9783038919,34,Male,Data Science,Junior Developer,Team Lead,Visakhapatnam,Madhya Pradesh,India,107594,41595,23,Inactive,0,0,2021-01-13,2026-05-23 10:00:00,1,2.7,2026-07-14 14:35:14,2026-07-14 14:35:14
EMP0172,Ramesh,Verma,employee172@gmail.com,9301977124,35,Female,Finance,Software Engineer,Team Lead,Kolkata,Uttar Pradesh,India,239871,20934,24,Resigned,0,1,2023-04-30,2025-02-26 10:00:00,0,4.0,2026-07-14 14:35:14,2026-07-14 14:35:14
EMP0173,Ajay,Sharma,employee173@gmail.com,9632912320,31,Female,Sales,Junior Developer,Manager,Indore,Tamil Nadu,India,231318,25047,0,Resigned,1,1,2021-07-28,2024-09-25 10:00:00,0,2.3,2026-07-14 14:35:14,2026-07-14 14:35:14
EMP0174,Arjun,Verma,employee174@gmail.com,9298137064,37,Male,Support,Junior Developer,Employee,Guntur,Tamil Nadu,India,233755,48290,7,Inactive,1,0,2018-11-02,2024-01-11 10:00:00,0,3.9,2026-07-14 14:35:14,2026-07-14 14:35:14
EMP0175,Lakshmi,Reddy,employee175@gmail.com,9882728679,43,Male,Business,Business Analyst,Admin,Delhi,Kerala,India,118119,7697,3,Active,1,1,2021-05-30,2023-01-07 10:00:00,1,1.6,2026-07-14 14:35:14,2026-07-14 14:35:14
EMP0176,Meena,Naidu,employee176@gmail.com,9178809679,27,Female,UI UX,Business Analyst,Admin,Jaipur,Delhi,India,34000,14867,24,Resigned,1,1,2020-02-17,2025-06-06 10:00:00,1,1.2,2026-07-14 14:35:14,2026-07-14 14:35:14
EMP0177,Deepika,Singh,employee177@gmail.com,9634030793,52,Male,Cloud,DevOps Engineer,Intern,Jaipur,Rajasthan,India,190820,38363,18,Inactive,1,0,2025-11-13,2026-06-04 10:00:00,1,1.1,2026-07-14 14:35:14,2026-07-14 14:35:14
EMP0178,Ganesh,Singh,employee178@gmail.com,9975420892,55,Female,AI,Junior Developer,Manager,Pune,Uttar Pradesh,India,113633,13951,8,Active,1,1,2024-11-26,2025-12-25 10:00:00,0,1.4,2026-07-14 14:35:14,2026-07-14 14:35:14
EMP0179,Bhavani,Sharma,employee179@gmail.com,9377465412,57,Male,React,Software Engineer,Employee,Guntur,Rajasthan,India,69237,29614,25,Active,0,0,2020-08-08,2023-04-04 10:00:00,0,3.8,2026-07-14 14:35:14,2026-07-14 14:35:14
EMP0180,Priya,Kumar,employee180@gmail.com,9971861134,50,Female,Operations,HR Executive,Employee,Nagpur,West Bengal,India,233068,42187,25,Active,1,0,2024-09-03,2025-04-27 10:00:00,0,4.0,2026-07-14 14:35:14,2026-07-14 14:35:14
EMP0181,Harish,Naidu,employee181@gmail.com,9564917543,50,Female,Admin,Team Lead,Intern,Jaipur,Telangana,India,145732,12697,21,Inactive,0,0,2022-11-13,2024-02-10 10:00:00,1,4.2,2026-07-14 14:35:14,2026-07-14 14:35:14
EMP0182,Anitha,Gupta,employee182@gmail.com,9446073466,31,Female,Marketing,Technical Lead,Manager,Mysuru,Karnataka,India,82080,28765,13,Active,1,0,2023-04-24,2023-08-03 10:00:00,0,5.0,2026-07-14 14:35:14,2026-07-14 14:35:14
EMP0183,Sai,Rao,employee183@gmail.com,9358290144,39,Male,Design,Software Engineer,Employee,Bhopal,Karnataka,India,226255,4338,17,Active,0,1,2020-07-05,2021-08-24 10:00:00,1,4.8,2026-07-14 14:35:14,2026-07-14 14:35:14
EMP0184,Naveen,Reddy,employee184@gmail.com,9472709307,29,Male,DevOps,Intern,Admin,Nagpur,Andhra Pradesh,India,249053,49948,25,Resigned,0,0,2020-10-04,2025-06-25 10:00:00,0,4.9,2026-07-14 14:35:14,2026-07-14 14:35:14
EMP0185,Bhavani,Naidu,employee185@gmail.com,9353344446,24,Female,Operations,Senior Software Engineer,Team Lead,Nagpur,Delhi,India,126360,21912,21,Resigned,1,0,2020-04-28,2022-11-21 10:00:00,1,3.1,2026-07-14 14:35:14,2026-07-14 14:35:14
EMP0186,Ganesh,Rao,employee186@gmail.com,9631419133,23,Male,ERP,Manager,Admin,Guntur,Madhya Pradesh,India,231300,41198,16,Resigned,1,1,2022-03-20,2023-08-05 10:00:00,0,4.9,2026-07-14 14:35:14,2026-07-14 14:35:14
EMP0187,Lakshmi,Reddy,employee187@gmail.com,9351984716,33,Male,ERP,HR Executive,Employee,Chennai,Karnataka,India,58531,36692,24,Inactive,0,0,2025-04-24,2026-03-30 10:00:00,0,1.9,2026-07-14 14:35:14,2026-07-14 14:35:14
EMP0188,Kiran,Naidu,employee188@gmail.com,9988999204,57,Male,Testing,Business Analyst,Admin,Bengaluru,Rajasthan,India,155479,6107,5,Inactive,0,0,2025-12-31,2026-01-16 10:00:00,0,4.3,2026-07-14 14:35:14,2026-07-14 14:35:14
EMP0189,Akhil,Naidu,employee189@gmail.com,9141922120,55,Female,Mobile,DevOps Engineer,Employee,Pune,Maharashtra,India,75989,46766,23,Resigned,0,0,2024-08-06,2024-11-01 10:00:00,1,2.5,2026-07-14 14:35:14,2026-07-14 14:35:14
EMP0190,Harish,Gupta,employee190@gmail.com,9257132319,30,Male,NodeJS,Accountant,Team Lead,Hyderabad,Uttar Pradesh,India,46094,44749,20,Active,1,0,2026-02-20,2026-03-03 10:00:00,0,1.7,2026-07-14 14:35:14,2026-07-14 14:35:14
EMP0191,Suresh,Naidu,employee191@gmail.com,9240521405,37,Male,HR,DevOps Engineer,Team Lead,Coimbatore,Kerala,India,164123,24465,9,Resigned,0,1,2026-03-27,2026-04-18 10:00:00,1,4.3,2026-07-14 14:35:14,2026-07-14 14:35:14
EMP0192,Lakshmi,Singh,employee192@gmail.com,9993867924,39,Female,Finance,DevOps Engineer,Team Lead,Delhi,Andhra Pradesh,India,157591,40106,7,Active,1,1,2023-07-19,2025-06-17 10:00:00,0,2.9,2026-07-14 14:35:14,2026-07-14 14:35:14
EMP0193,Rahul,Verma,employee193@gmail.com,9450465799,48,Female,Marketing,Team Lead,Admin,Pune,Karnataka,India,123289,49823,16,Active,0,1,2021-01-03,2025-05-13 10:00:00,0,5.0,2026-07-14 14:35:14,2026-07-14 14:35:14
EMP0194,Lakshmi,Reddy,employee194@gmail.com,9646086650,23,Female,ERP,Technical Lead,Employee,Jaipur,Madhya Pradesh,India,25684,4308,19,Inactive,1,0,2025-12-06,2026-06-29 10:00:00,0,2.8,2026-07-14 14:35:14,2026-07-14 14:35:14
EMP0195,Ravi,Das,employee195@gmail.com,9730463931,28,Male,Security,Senior Software Engineer,Team Lead,Chennai,Kerala,India,213959,16180,14,Resigned,1,1,2020-08-13,2022-08-11 10:00:00,1,3.7,2026-07-14 14:35:14,2026-07-14 14:35:14
EMP0196,Sai,Rao,employee196@gmail.com,9604411045,55,Male,Finance,Technical Lead,Admin,Coimbatore,Kerala,India,41866,21179,9,Resigned,1,0,2018-08-10,2020-06-04 10:00:00,1,1.9,2026-07-14 14:35:14,2026-07-14 14:35:14
EMP0197,Sai,Singh,employee197@gmail.com,9937505665,59,Male,Support,Cloud Engineer,Employee,Warangal,Kerala,India,18186,24139,7,Resigned,0,0,2018-09-15,2022-07-18 10:00:00,0,4.6,2026-07-14 14:35:14,2026-07-14 14:35:14
EMP0198,Lakshmi,Sharma,employee198@gmail.com,9281259455,24,Male,NodeJS,Business Analyst,Manager,Kochi,Telangana,India,136815,28232,14,Inactive,1,0,2023-03-21,2025-04-13 10:00:00,0,4.3,2026-07-14 14:35:14,2026-07-14 14:35:14
EMP0199,Lakshmi,Sharma,employee199@gmail.com,9623674391,26,Female,Support,DevOps Engineer,Team Lead,Guntur,Uttar Pradesh,India,179859,27811,11,Inactive,0,0,2018-09-25,2023-10-28 10:00:00,0,1.7,2026-07-14 14:35:14,2026-07-14 14:35:14
EMP0200,Bhavani,Singh,employee200@gmail.com,9565041935,55,Female,Security,DevOps Engineer,Employee,Bengaluru,Delhi,India,120048,5024,7,Inactive,0,1,2022-09-09,2023-12-04 10:00:00,1,2.3,2026-07-14 14:35:14,2026-07-14 14:35:14
EMP0201,Pavan,Das,employee201@gmail.com,9838971995,52,Female,Sales,HR Executive,Employee,Vijayawada,West Bengal,India,110327,26656,1,Active,0,1,2019-11-21,2026-02-08 10:00:00,1,2.8,2026-07-14 14:35:14,2026-07-14 14:35:14
EMP0202,Ganesh,Gupta,employee202@gmail.com,9660195194,21,Female,UI UX,Junior Developer,Intern,Bhopal,West Bengal,India,77447,41132,3,Resigned,1,0,2025-06-26,2026-02-05 10:00:00,1,1.7,2026-07-14 14:35:14,2026-07-14 14:35:14
EMP0203,Ramesh,Patel,employee203@gmail.com,9335195204,51,Female,Python,Intern,Manager,Delhi,Karnataka,India,226101,36509,13,Active,0,0,2021-01-02,2025-08-21 10:00:00,1,3.1,2026-07-14 14:35:14,2026-07-14 14:35:14
EMP0204,Varun,Das,employee204@gmail.com,9331588783,55,Male,Finance,Data Analyst,Manager,Pune,Madhya Pradesh,India,53943,19168,6,Active,0,1,2025-11-30,2026-06-13 10:00:00,0,1.4,2026-07-14 14:35:14,2026-07-14 14:35:14
EMP0205,Naveen,Rao,employee205@gmail.com,9311970296,54,Male,DevOps,Accountant,Admin,Warangal,Kerala,India,102650,48348,19,Resigned,0,0,2026-01-07,2026-06-13 10:00:00,0,4.8,2026-07-14 14:35:14,2026-07-14 14:35:14
EMP0206,Deepika,Reddy,employee206@gmail.com,9282083700,46,Male,Cloud,Project Manager,Admin,Nagpur,Kerala,India,122358,46308,24,Resigned,0,0,2024-08-09,2025-12-31 10:00:00,0,2.1,2026-07-14 14:35:14,2026-07-14 14:35:14
EMP0207,Akhil,Naidu,employee207@gmail.com,9409472980,39,Female,Finance,HR Executive,Employee,Vijayawada,Tamil Nadu,India,72440,6308,5,Active,0,0,2018-09-07,2025-11-23 10:00:00,1,2.4,2026-07-14 14:35:14,2026-07-14 14:35:14
EMP0208,Ramesh,Gupta,employee208@gmail.com,9773206274,28,Female,Marketing,Intern,Intern,Mysuru,Tamil Nadu,India,199285,41557,6,Inactive,1,1,2025-11-12,2026-03-08 10:00:00,1,3.6,2026-07-14 14:35:14,2026-07-14 14:35:14
EMP0209,Divya,Kumar,employee209@gmail.com,9315328406,58,Female,DevOps,Technical Lead,Team Lead,Kolkata,Madhya Pradesh,India,127757,13452,22,Inactive,0,0,2022-08-04,2026-04-30 10:00:00,0,2.2,2026-07-14 14:35:14,2026-07-14 14:35:14
EMP0210,Sneha,Reddy,employee210@gmail.com,9666055171,51,Female,Design,Intern,Employee,Guntur,Delhi,India,57721,7202,6,Resigned,1,0,2026-01-27,2026-03-09 10:00:00,0,3.1,2026-07-14 14:35:14,2026-07-14 14:35:14
EMP0211,Ajay,Singh,employee211@gmail.com,9929704117,58,Male,Data Science,HR Executive,Admin,Nagpur,Karnataka,India,204512,44115,2,Active,1,1,2025-09-23,2026-02-24 10:00:00,1,1.7,2026-07-14 14:35:14,2026-07-14 14:35:14
EMP0212,Meena,Sharma,employee212@gmail.com,9153699153,28,Male,HR,Business Analyst,Team Lead,Nagpur,Uttar Pradesh,India,211562,19842,8,Resigned,1,1,2021-12-06,2023-09-19 10:00:00,1,1.1,2026-07-14 14:35:14,2026-07-14 14:35:14
EMP0213,Meena,Verma,employee213@gmail.com,9760075731,55,Male,HR,Tester,Employee,Bhopal,Delhi,India,104331,43477,25,Resigned,0,0,2023-07-05,2023-08-04 10:00:00,0,2.9,2026-07-14 14:35:14,2026-07-14 14:35:14
EMP0214,Pavan,Patel,employee214@gmail.com,9164122000,59,Male,Data Science,Team Lead,Manager,Delhi,Delhi,India,116397,12456,2,Active,0,1,2022-10-27,2023-12-05 10:00:00,1,4.2,2026-07-14 14:35:14,2026-07-14 14:35:14
EMP0215,Kiran,Sharma,employee215@gmail.com,9460231181,38,Female,Cloud,Project Manager,Manager,Visakhapatnam,Rajasthan,India,117972,31535,24,Active,1,1,2022-04-08,2022-05-31 10:00:00,1,2.5,2026-07-14 14:35:14,2026-07-14 14:35:14
EMP0216,Rahul,Patel,employee216@gmail.com,9722386723,57,Female,Business,Accountant,Manager,Indore,West Bengal,India,132306,30599,13,Resigned,1,0,2025-11-09,2025-11-29 10:00:00,0,3.7,2026-07-14 14:35:14,2026-07-14 14:35:14
EMP0217,Arjun,Gupta,employee217@gmail.com,9676283245,60,Female,HR,Software Engineer,Team Lead,Bengaluru,West Bengal,India,98652,18963,0,Active,1,1,2024-03-03,2025-04-27 10:00:00,1,2.8,2026-07-14 14:35:14,2026-07-14 14:35:14
EMP0218,Madhu,Patel,employee218@gmail.com,9457248252,37,Female,HR,Junior Developer,Team Lead,Warangal,Telangana,India,107981,5562,6,Inactive,1,0,2019-03-31,2022-01-04 10:00:00,0,1.8,2026-07-14 14:35:14,2026-07-14 14:35:14
EMP0219,Anitha,Naidu,employee219@gmail.com,9800190361,53,Male,Cloud,Cloud Engineer,Team Lead,Visakhapatnam,Andhra Pradesh,India,111167,39289,6,Resigned,1,0,2022-10-27,2026-03-17 10:00:00,1,1.2,2026-07-14 14:35:14,2026-07-14 14:35:14
EMP0220,Harish,Singh,employee220@gmail.com,9911655569,60,Female,React,Accountant,Admin,Guntur,Kerala,India,202313,28690,14,Active,1,1,2020-05-24,2025-04-02 10:00:00,0,1.8,2026-07-14 14:35:14,2026-07-14 14:35:14
EMP0221,Harish,Kumar,employee221@gmail.com,9125369560,53,Male,Security,Junior Developer,Team Lead,Kochi,Andhra Pradesh,India,201580,33713,15,Inactive,1,1,2023-03-05,2024-03-20 10:00:00,1,3.5,2026-07-14 14:35:14,2026-07-14 14:35:14
EMP0222,Vikram,Verma,employee222@gmail.com,9636169878,47,Male,Data Science,Data Analyst,Admin,Guntur,Andhra Pradesh,India,237029,1661,12,Active,0,1,2020-07-29,2025-10-04 10:00:00,0,3.3,2026-07-14 14:35:14,2026-07-14 14:35:14
EMP0223,Deepika,Verma,employee223@gmail.com,9148777082,46,Female,Accounts,DevOps Engineer,Intern,Tirupati,Maharashtra,India,27462,8602,25,Inactive,1,0,2026-01-15,2026-06-09 10:00:00,1,2.5,2026-07-14 14:35:14,2026-07-14 14:35:14
EMP0224,Keerthi,Gupta,employee224@gmail.com,9470755119,50,Female,ERP,Business Analyst,Team Lead,Mumbai,Madhya Pradesh,India,74046,2245,1,Resigned,1,0,2021-06-28,2025-01-05 10:00:00,1,3.1,2026-07-14 14:35:14,2026-07-14 14:35:14
EMP0225,Meena,Patel,employee225@gmail.com,9762920166,25,Female,Python,Cloud Engineer,Team Lead,Chennai,Karnataka,India,196618,26359,14,Active,0,1,2023-11-28,2024-04-11 10:00:00,0,4.1,2026-07-14 14:35:14,2026-07-14 14:35:14
EMP0226,Vikram,Kumar,employee226@gmail.com,9530960134,38,Female,React,Team Lead,Admin,Chennai,Maharashtra,India,48874,41645,15,Active,0,0,2018-08-26,2023-10-01 10:00:00,1,3.8,2026-07-14 14:35:14,2026-07-14 14:35:14
EMP0227,Anitha,Verma,employee227@gmail.com,9330413557,46,Female,Mobile,Team Lead,Team Lead,Kolkata,Rajasthan,India,21757,1905,13,Inactive,1,1,2019-01-08,2021-06-26 10:00:00,0,4.8,2026-07-14 14:35:14,2026-07-14 14:35:14
EMP0228,Akhil,Gupta,employee228@gmail.com,9632602952,25,Female,ERP,Cloud Engineer,Intern,Kochi,Madhya Pradesh,India,210600,4207,5,Resigned,0,1,2025-08-29,2026-06-11 10:00:00,1,3.7,2026-07-14 14:35:14,2026-07-14 14:35:14
EMP0229,Meena,Kumar,employee229@gmail.com,9434043369,40,Male,Sales,Junior Developer,Manager,Delhi,Uttar Pradesh,India,198363,24120,10,Inactive,0,1,2025-10-26,2026-01-15 10:00:00,1,4.2,2026-07-14 14:35:14,2026-07-14 14:35:14
EMP0230,Anitha,Sharma,employee230@gmail.com,9593641243,60,Female,QA,Tester,Admin,Vijayawada,Uttar Pradesh,India,106422,35650,22,Inactive,1,1,2019-02-12,2020-09-08 10:00:00,1,4.1,2026-07-14 14:35:14,2026-07-14 14:35:14
EMP0231,Priya,Das,employee231@gmail.com,9581630456,44,Female,Security,HR Executive,Admin,Guntur,Kerala,India,212984,28821,14,Resigned,0,0,2019-04-16,2023-05-31 10:00:00,0,4.8,2026-07-14 14:35:14,2026-07-14 14:35:14
EMP0232,Anitha,Naidu,employee232@gmail.com,9509107906,51,Female,Sales,Tester,Team Lead,Mumbai,Telangana,India,64972,44501,5,Inactive,1,0,2024-05-21,2025-09-29 10:00:00,1,4.1,2026-07-14 14:35:14,2026-07-14 14:35:14
EMP0233,Kiran,Naidu,employee233@gmail.com,9501370024,53,Male,QA,Senior Software Engineer,Admin,Mumbai,Andhra Pradesh,India,207181,36425,2,Active,0,0,2025-09-04,2026-02-20 10:00:00,1,1.2,2026-07-14 14:35:14,2026-07-14 14:35:14
EMP0234,Divya,Singh,employee234@gmail.com,9411692061,20,Female,Cloud,Business Analyst,Team Lead,Bengaluru,Uttar Pradesh,India,221803,18547,18,Resigned,0,0,2019-02-07,2024-06-21 10:00:00,1,3.5,2026-07-14 14:35:14,2026-07-14 14:35:14
EMP0235,Priya,Das,employee235@gmail.com,9129003171,25,Male,CRM,Technical Lead,Manager,Coimbatore,Andhra Pradesh,India,98624,43975,17,Active,1,1,2023-10-04,2026-02-01 10:00:00,1,1.6,2026-07-14 14:35:14,2026-07-14 14:35:14
EMP0236,Varun,Reddy,employee236@gmail.com,9390227099,43,Male,Finance,Cloud Engineer,Admin,Chennai,Kerala,India,109610,13609,9,Inactive,0,1,2025-12-19,2026-07-01 10:00:00,1,1.4,2026-07-14 14:35:14,2026-07-14 14:35:14
EMP0237,Ravi,Sharma,employee237@gmail.com,9880982495,25,Male,Sales,Junior Developer,Employee,Guntur,Kerala,India,229572,13997,6,Active,0,1,2020-09-30,2023-09-21 10:00:00,1,1.8,2026-07-14 14:35:14,2026-07-14 14:35:14
EMP0238,Ramesh,Rao,employee238@gmail.com,9536391875,58,Female,React,Data Analyst,Manager,Guntur,Delhi,India,234392,27680,22,Active,1,1,2020-11-09,2021-11-14 10:00:00,0,4.3,2026-07-14 14:35:14,2026-07-14 14:35:14
EMP0239,Varun,Singh,employee239@gmail.com,9780946002,21,Male,Business,Junior Developer,Team Lead,Lucknow,Andhra Pradesh,India,232901,32068,6,Resigned,0,1,2021-05-22,2025-09-07 10:00:00,1,3.7,2026-07-14 14:35:14,2026-07-14 14:35:14
EMP0240,Keerthi,Reddy,employee240@gmail.com,9758220704,22,Male,Design,Intern,Team Lead,Bengaluru,Maharashtra,India,237053,22525,24,Resigned,0,0,2021-04-12,2025-01-16 10:00:00,0,3.3,2026-07-14 14:35:14,2026-07-14 14:35:14
EMP0241,Arjun,Das,employee241@gmail.com,9873771601,38,Male,CRM,Team Lead,Team Lead,Vijayawada,Tamil Nadu,India,88286,20573,5,Resigned,1,1,2025-12-08,2026-06-06 10:00:00,1,4.6,2026-07-14 14:35:14,2026-07-14 14:35:14
EMP0242,Akhil,Reddy,employee242@gmail.com,9196029538,40,Male,Testing,Business Analyst,Employee,Delhi,Madhya Pradesh,India,143157,35427,25,Resigned,0,1,2026-01-20,2026-07-05 10:00:00,1,2.4,2026-07-14 14:35:14,2026-07-14 14:35:14
EMP0243,Divya,Gupta,employee243@gmail.com,9370710683,45,Female,Cloud,Data Analyst,Team Lead,Mumbai,Tamil Nadu,India,90529,22140,17,Active,1,1,2023-10-17,2024-04-26 10:00:00,0,4.1,2026-07-14 14:35:14,2026-07-14 14:35:14
EMP0244,Bhavani,Kumar,employee244@gmail.com,9823006367,50,Male,Business,Cloud Engineer,Admin,Kolkata,West Bengal,India,203187,31021,15,Resigned,0,0,2025-02-24,2026-05-22 10:00:00,0,2.6,2026-07-14 14:35:14,2026-07-14 14:35:14
EMP0245,Anitha,Patel,employee245@gmail.com,9313510184,21,Female,Data Science,Intern,Admin,Mumbai,Maharashtra,India,224354,38595,17,Inactive,1,0,2019-11-23,2021-12-28 10:00:00,1,2.8,2026-07-14 14:35:14,2026-07-14 14:35:14
EMP0246,Keerthi,Singh,employee246@gmail.com,9496524931,35,Male,Design,Business Analyst,Admin,Nagpur,Kerala,India,77946,46592,19,Active,1,0,2024-03-21,2026-01-14 10:00:00,1,1.7,2026-07-14 14:35:14,2026-07-14 14:35:14
EMP0247,Deepika,Kumar,employee247@gmail.com,9450454938,47,Male,Cloud,Senior Software Engineer,Team Lead,Bhopal,West Bengal,India,241258,11713,20,Active,0,0,2023-06-02,2025-12-06 10:00:00,1,2.2,2026-07-14 14:35:14,2026-07-14 14:35:14
EMP0248,Harish,Verma,employee248@gmail.com,9884862889,59,Male,DevOps,Manager,Employee,Bhopal,Rajasthan,India,186264,1505,18,Inactive,1,0,2020-04-27,2022-09-24 10:00:00,1,3.7,2026-07-14 14:35:14,2026-07-14 14:35:14
EMP0249,Ajay,Reddy,employee249@gmail.com,9317853777,59,Female,Support,Senior Software Engineer,Employee,Kochi,Delhi,India,79315,25795,22,Resigned,1,1,2019-07-14,2024-07-12 10:00:00,0,3.4,2026-07-14 14:35:14,2026-07-14 14:35:14
EMP0250,Lakshmi,Das,employee250@gmail.com,9792670355,53,Male,Java,Business Analyst,Manager,Tirupati,Delhi,India,193907,37265,0,Inactive,1,1,2018-12-30,2021-04-30 10:00:00,1,3.6,2026-07-14 14:35:14,2026-07-14 14:35:14
EMP0251,Arjun,Patel,employee251@gmail.com,9354975297,53,Male,NodeJS,Team Lead,Admin,Visakhapatnam,Madhya Pradesh,India,111761,7916,0,Inactive,1,1,2019-12-29,2022-01-19 10:00:00,1,2.7,2026-07-14 14:35:14,2026-07-14 14:35:14
EMP0252,Rahul,Das,employee252@gmail.com,9283501534,52,Female,Testing,Team Lead,Employee,Kochi,Maharashtra,India,120087,5983,12,Inactive,1,1,2022-05-18,2025-03-11 10:00:00,1,2.5,2026-07-14 14:35:14,2026-07-14 14:35:14
EMP0253,Sai,Reddy,employee253@gmail.com,9609710071,21,Male,NodeJS,Business Analyst,Admin,Visakhapatnam,Delhi,India,233127,2567,16,Resigned,0,1,2023-04-02,2025-02-22 10:00:00,0,4.5,2026-07-14 14:35:14,2026-07-14 14:35:14
EMP0254,Bhavani,Reddy,employee254@gmail.com,9892711981,48,Female,Accounts,Data Analyst,Employee,Hyderabad,Madhya Pradesh,India,78846,16418,8,Resigned,1,1,2020-05-12,2021-02-20 10:00:00,0,2.6,2026-07-14 14:35:14,2026-07-14 14:35:14
EMP0255,Kiran,Verma,employee255@gmail.com,9250540818,58,Male,Data Science,Business Analyst,Employee,Pune,Tamil Nadu,India,32906,1143,5,Active,0,0,2026-03-16,2026-06-14 10:00:00,1,3.3,2026-07-14 14:35:14,2026-07-14 14:35:14
EMP0256,Naveen,Kumar,employee256@gmail.com,9380456131,25,Female,Java,Cloud Engineer,Team Lead,Nagpur,Uttar Pradesh,India,202070,13322,10,Active,1,1,2019-01-01,2019-07-28 10:00:00,1,2.4,2026-07-14 14:35:14,2026-07-14 14:35:14
EMP0257,Keerthi,Das,employee257@gmail.com,9741767124,21,Male,ERP,Senior Software Engineer,Intern,Indore,Maharashtra,India,98682,24564,23,Inactive,0,0,2018-08-26,2023-10-09 10:00:00,1,4.1,2026-07-14 14:35:14,2026-07-14 14:35:14
EMP0258,Lakshmi,Patel,employee258@gmail.com,9676323145,41,Female,Marketing,Manager,Employee,Mumbai,Telangana,India,189083,24600,24,Inactive,1,0,2023-01-04,2023-04-26 10:00:00,0,1.9,2026-07-14 14:35:14,2026-07-14 14:35:14
EMP0259,Rahul,Patel,employee259@gmail.com,9388403821,41,Female,CRM,Project Manager,Team Lead,Coimbatore,Karnataka,India,115815,39095,24,Inactive,0,1,2022-10-19,2025-05-05 10:00:00,1,4.1,2026-07-14 14:35:14,2026-07-14 14:35:14
EMP0260,Priya,Verma,employee260@gmail.com,9945623308,43,Female,Python,Junior Developer,Manager,Indore,Telangana,India,154328,41671,2,Inactive,1,1,2025-02-24,2025-09-06 10:00:00,1,2.4,2026-07-14 14:35:14,2026-07-14 14:35:14
EMP0261,Ajay,Rao,employee261@gmail.com,9558041366,44,Female,Operations,Project Manager,Admin,Nagpur,Karnataka,India,94871,9358,25,Inactive,1,1,2021-05-20,2024-11-08 10:00:00,0,3.6,2026-07-14 14:35:14,2026-07-14 14:35:14
EMP0262,Madhu,Naidu,employee262@gmail.com,9840148219,42,Male,Admin,Project Manager,Team Lead,Nagpur,Rajasthan,India,189134,41634,9,Resigned,1,1,2022-02-16,2022-05-23 10:00:00,0,4.1,2026-07-14 14:35:14,2026-07-14 14:35:14
EMP0263,Akhil,Das,employee263@gmail.com,9771314574,34,Male,NodeJS,Senior Software Engineer,Manager,Chennai,Tamil Nadu,India,89164,1613,1,Resigned,0,1,2021-05-05,2024-03-19 10:00:00,1,2.9,2026-07-14 14:35:14,2026-07-14 14:35:14
EMP0264,Kiran,Singh,employee264@gmail.com,9312675096,53,Female,QA,Cloud Engineer,Team Lead,Bhopal,Andhra Pradesh,India,33516,8353,4,Resigned,0,0,2022-09-21,2023-11-06 10:00:00,1,3.1,2026-07-14 14:35:14,2026-07-14 14:35:14
EMP0265,Rahul,Das,employee265@gmail.com,9887951382,20,Female,Cloud,Junior Developer,Intern,Warangal,Madhya Pradesh,India,49608,40742,2,Active,1,1,2018-06-03,2020-03-27 10:00:00,1,4.5,2026-07-14 14:35:14,2026-07-14 14:35:14
EMP0266,Vikram,Naidu,employee266@gmail.com,9521190763,27,Female,Cloud,Technical Lead,Team Lead,Mysuru,Rajasthan,India,128350,45770,10,Inactive,1,0,2021-06-03,2025-01-15 10:00:00,0,4.8,2026-07-14 14:35:14,2026-07-14 14:35:14
EMP0267,Anitha,Reddy,employee267@gmail.com,9793915776,53,Female,Security,HR Executive,Intern,Pune,Tamil Nadu,India,67401,45713,3,Active,1,0,2025-09-29,2025-10-02 10:00:00,0,4.3,2026-07-14 14:35:14,2026-07-14 14:35:14
EMP0268,Bhavani,Reddy,employee268@gmail.com,9839073690,59,Male,Python,DevOps Engineer,Intern,Lucknow,Telangana,India,144120,19107,4,Resigned,1,1,2021-03-13,2024-04-26 10:00:00,1,1.2,2026-07-14 14:35:14,2026-07-14 14:35:14
EMP0269,Anitha,Singh,employee269@gmail.com,9564533088,20,Male,Business,Business Analyst,Employee,Indore,Karnataka,India,149053,16346,22,Inactive,1,1,2022-01-01,2022-02-19 10:00:00,1,4.3,2026-07-14 14:35:14,2026-07-14 14:35:14
EMP0270,Pavan,Das,employee270@gmail.com,9514495760,36,Male,Operations,HR Executive,Team Lead,Bhopal,Maharashtra,India,185834,13835,19,Active,1,1,2018-12-14,2024-03-20 10:00:00,0,3.4,2026-07-14 14:35:14,2026-07-14 14:35:14
EMP0271,Ajay,Patel,employee271@gmail.com,9537886050,25,Female,DevOps,Cloud Engineer,Team Lead,Kolkata,Maharashtra,India,63881,9606,0,Resigned,1,0,2019-08-18,2024-01-06 10:00:00,1,2.1,2026-07-14 14:35:14,2026-07-14 14:35:14
EMP0272,Lakshmi,Patel,employee272@gmail.com,9155917135,31,Female,CRM,HR Executive,Intern,Mysuru,Kerala,India,179833,13060,7,Resigned,0,1,2022-05-30,2023-12-12 10:00:00,0,2.7,2026-07-14 14:35:14,2026-07-14 14:35:14
EMP0273,Lakshmi,Kumar,employee273@gmail.com,9780956416,44,Female,Security,Data Analyst,Manager,Coimbatore,Maharashtra,India,228472,8257,23,Inactive,1,1,2019-12-22,2025-03-12 10:00:00,1,4.5,2026-07-14 14:35:14,2026-07-14 14:35:14
EMP0274,Ajay,Rao,employee274@gmail.com,9904186697,56,Female,Finance,Intern,Intern,Delhi,Telangana,India,226166,8468,13,Resigned,0,0,2022-03-24,2024-06-07 10:00:00,1,1.6,2026-07-14 14:35:14,2026-07-14 14:35:14
EMP0275,Madhu,Verma,employee275@gmail.com,9344666677,45,Female,Java,Manager,Manager,Nagpur,Rajasthan,India,245543,18772,0,Active,0,0,2025-12-26,2026-07-04 10:00:00,1,3.6,2026-07-14 14:35:14,2026-07-14 14:35:14
EMP0276,Arjun,Verma,employee276@gmail.com,9308456366,27,Male,Design,Manager,Intern,Kochi,Telangana,India,73026,23564,9,Inactive,0,1,2023-10-10,2025-09-14 10:00:00,0,3.1,2026-07-14 14:35:14,2026-07-14 14:35:14
EMP0277,Anitha,Singh,employee277@gmail.com,9504495552,32,Female,CRM,Cloud Engineer,Admin,Chennai,Maharashtra,India,38427,10157,22,Inactive,0,0,2024-01-26,2024-05-04 10:00:00,0,3.0,2026-07-14 14:35:14,2026-07-14 14:35:14
EMP0278,Varun,Das,employee278@gmail.com,9104275707,48,Female,Networking,DevOps Engineer,Employee,Guntur,Andhra Pradesh,India,115805,20736,21,Active,0,1,2022-01-11,2023-11-26 10:00:00,1,1.4,2026-07-14 14:35:14,2026-07-14 14:35:14
EMP0279,Suresh,Singh,employee279@gmail.com,9207395135,30,Male,Operations,Intern,Admin,Nagpur,Rajasthan,India,66931,5999,16,Inactive,0,0,2020-10-17,2025-10-25 10:00:00,1,4.0,2026-07-14 14:35:14,2026-07-14 14:35:14
EMP0280,Arjun,Kumar,employee280@gmail.com,9906341079,33,Female,NodeJS,Project Manager,Intern,Hyderabad,Madhya Pradesh,India,199632,41285,3,Resigned,1,0,2018-06-29,2023-02-02 10:00:00,0,3.6,2026-07-14 14:35:14,2026-07-14 14:35:14
EMP0281,Priya,Naidu,employee281@gmail.com,9486248622,52,Male,Finance,Project Manager,Admin,Mysuru,Karnataka,India,203807,41432,4,Resigned,1,0,2018-12-15,2026-02-04 10:00:00,1,3.4,2026-07-14 14:35:14,2026-07-14 14:35:14
EMP0282,Ramesh,Rao,employee282@gmail.com,9268050159,46,Male,UI UX,Senior Software Engineer,Team Lead,Hyderabad,Madhya Pradesh,India,89088,16375,8,Active,0,0,2018-07-17,2020-04-12 10:00:00,0,4.8,2026-07-14 14:35:14,2026-07-14 14:35:14
EMP0283,Sneha,Rao,employee283@gmail.com,9781244612,43,Female,CRM,Junior Developer,Employee,Warangal,Delhi,India,201087,28648,19,Active,1,0,2025-10-25,2026-06-17 10:00:00,1,2.2,2026-07-14 14:35:14,2026-07-14 14:35:14
EMP0284,Deepika,Reddy,employee284@gmail.com,9298999450,46,Male,Finance,Senior Software Engineer,Employee,Pune,Maharashtra,India,126743,8804,7,Active,0,1,2023-10-25,2025-05-04 10:00:00,0,4.8,2026-07-14 14:35:14,2026-07-14 14:35:14
EMP0285,Meena,Reddy,employee285@gmail.com,9243714718,23,Female,UI UX,Technical Lead,Employee,Coimbatore,Madhya Pradesh,India,99207,26977,7,Inactive,0,0,2022-08-23,2025-08-08 10:00:00,1,2.0,2026-07-14 14:35:14,2026-07-14 14:35:14
EMP0286,Divya,Das,employee286@gmail.com,9211446467,34,Male,Admin,Business Analyst,Employee,Tirupati,Telangana,India,242845,7078,1,Active,1,0,2022-10-26,2024-11-11 10:00:00,1,4.4,2026-07-14 14:35:14,2026-07-14 14:35:14
EMP0287,Akhil,Reddy,employee287@gmail.com,9218335726,48,Female,Support,Team Lead,Admin,Hyderabad,Uttar Pradesh,India,106287,22107,0,Inactive,0,0,2020-09-10,2023-01-30 10:00:00,1,2.7,2026-07-14 14:35:14,2026-07-14 14:35:14
EMP0288,Deepika,Das,employee288@gmail.com,9563240905,47,Female,Design,Accountant,Intern,Mysuru,Karnataka,India,170701,23184,16,Inactive,0,1,2024-04-23,2025-07-03 10:00:00,0,3.5,2026-07-14 14:35:14,2026-07-14 14:35:14
EMP0289,Bhavani,Das,employee289@gmail.com,9620639622,38,Male,Cloud,Intern,Manager,Mysuru,Maharashtra,India,167496,15591,2,Resigned,1,1,2021-05-29,2024-01-28 10:00:00,0,2.7,2026-07-14 14:35:14,2026-07-14 14:35:14
EMP0290,Naveen,Singh,employee290@gmail.com,9767539941,52,Male,Design,Intern,Team Lead,Kolkata,Uttar Pradesh,India,239440,39417,2,Inactive,1,0,2019-05-17,2024-10-17 10:00:00,0,4.6,2026-07-14 14:35:14,2026-07-14 14:35:14
EMP0291,Sai,Das,employee291@gmail.com,9654453960,42,Male,CRM,Junior Developer,Team Lead,Delhi,Kerala,India,236337,2848,16,Inactive,1,1,2025-11-23,2026-04-04 10:00:00,0,4.3,2026-07-14 14:35:14,2026-07-14 14:35:14
EMP0292,Akhil,Das,employee292@gmail.com,9427249897,52,Female,Java,HR Executive,Team Lead,Visakhapatnam,Delhi,India,236273,6006,14,Inactive,1,1,2023-03-18,2024-05-23 10:00:00,1,1.0,2026-07-14 14:35:14,2026-07-14 14:35:14
EMP0293,Naveen,Verma,employee293@gmail.com,9469981576,44,Male,React,Team Lead,Admin,Kolkata,Madhya Pradesh,India,199054,4538,22,Inactive,0,0,2019-05-18,2023-05-25 10:00:00,1,3.1,2026-07-14 14:35:14,2026-07-14 14:35:14
EMP0294,Anitha,Das,employee294@gmail.com,9401152508,50,Male,Security,Technical Lead,Admin,Pune,West Bengal,India,46142,18513,22,Active,1,0,2024-09-21,2026-06-04 10:00:00,1,1.1,2026-07-14 14:35:14,2026-07-14 14:35:14
EMP0295,Bhavani,Verma,employee295@gmail.com,9636787666,52,Male,NodeJS,Senior Software Engineer,Intern,Coimbatore,Delhi,India,104428,3380,5,Inactive,0,0,2025-09-08,2026-04-24 10:00:00,0,3.1,2026-07-14 14:35:14,2026-07-14 14:35:14
EMP0296,Anitha,Verma,employee296@gmail.com,9957201325,39,Male,Python,Junior Developer,Manager,Bengaluru,Andhra Pradesh,India,80934,31587,22,Active,1,1,2025-10-20,2026-05-19 10:00:00,0,4.2,2026-07-14 14:35:14,2026-07-14 14:35:14
EMP0297,Anitha,Gupta,employee297@gmail.com,9946414915,30,Female,CRM,Intern,Team Lead,Chennai,Uttar Pradesh,India,16227,37941,8,Inactive,1,1,2020-05-02,2020-05-08 10:00:00,0,1.3,2026-07-14 14:35:14,2026-07-14 14:35:14
EMP0298,Anitha,Das,employee298@gmail.com,9922205299,53,Male,ERP,Accountant,Admin,Pune,Karnataka,India,225755,2427,7,Active,1,0,2022-03-12,2025-07-29 10:00:00,0,4.9,2026-07-14 14:35:14,2026-07-14 14:35:14
EMP0299,Varun,Reddy,employee299@gmail.com,9710532904,57,Female,React,HR Executive,Team Lead,Guntur,Madhya Pradesh,India,107612,28237,11,Active,0,0,2020-04-24,2025-03-07 10:00:00,0,1.5,2026-07-14 14:35:14,2026-07-14 14:35:14
EMP0300,Ganesh,Rao,employee300@gmail.com,9893453690,54,Female,Cloud,Tester,Manager,Delhi,Delhi,India,225187,48613,4,Active,1,0,2024-08-13,2025-11-06 10:00:00,0,3.1,2026-07-14 14:35:14,2026-07-14 14:35:14
EMP0301,Naveen,Gupta,employee301@gmail.com,9691195373,42,Male,ERP,Manager,Team Lead,Guntur,Karnataka,India,219134,20345,13,Resigned,1,1,2025-11-22,2026-02-11 10:00:00,1,3.3,2026-07-14 14:35:14,2026-07-14 14:35:14
EMP0302,Bhavani,Verma,employee302@gmail.com,9999781980,52,Male,Design,Cloud Engineer,Manager,Vijayawada,Telangana,India,142146,9242,25,Inactive,1,0,2023-05-19,2025-01-11 10:00:00,1,3.7,2026-07-14 14:35:14,2026-07-14 14:35:14
EMP0303,Priya,Reddy,employee303@gmail.com,9675330405,43,Female,Testing,Tester,Admin,Tirupati,Delhi,India,71507,3622,23,Resigned,0,1,2025-02-13,2026-01-08 10:00:00,1,2.8,2026-07-14 14:35:14,2026-07-14 14:35:14
EMP0304,Ajay,Sharma,employee304@gmail.com,9555625849,40,Female,UI UX,Cloud Engineer,Team Lead,Warangal,West Bengal,India,28359,13023,9,Active,1,0,2020-06-24,2025-04-02 10:00:00,1,1.4,2026-07-14 14:35:14,2026-07-14 14:35:14
EMP0305,Varun,Das,employee305@gmail.com,9818035945,39,Male,Accounts,Senior Software Engineer,Manager,Hyderabad,Tamil Nadu,India,126968,6816,3,Active,1,1,2023-04-13,2024-09-28 10:00:00,1,1.7,2026-07-14 14:35:14,2026-07-14 14:35:14
EMP0306,Ramesh,Sharma,employee306@gmail.com,9885396807,40,Female,QA,Business Analyst,Intern,Kochi,Rajasthan,India,249096,13593,19,Inactive,0,1,2025-06-12,2026-04-07 10:00:00,0,3.6,2026-07-14 14:35:14,2026-07-14 14:35:14
EMP0307,Pavan,Das,employee307@gmail.com,9586910576,59,Female,Design,Accountant,Team Lead,Tirupati,Telangana,India,93616,27774,2,Resigned,1,1,2026-02-18,2026-03-12 10:00:00,1,1.6,2026-07-14 14:35:14,2026-07-14 14:35:14
EMP0308,Bhavani,Reddy,employee308@gmail.com,9962014586,39,Female,DevOps,Tester,Intern,Tirupati,Delhi,India,195422,40445,11,Active,0,0,2024-08-08,2025-02-08 10:00:00,0,2.6,2026-07-14 14:35:14,2026-07-14 14:35:14
EMP0309,Keerthi,Naidu,employee309@gmail.com,9675275268,37,Male,Security,Software Engineer,Admin,Bengaluru,Karnataka,India,18527,23900,5,Resigned,0,0,2021-08-24,2025-12-18 10:00:00,0,2.3,2026-07-14 14:35:14,2026-07-14 14:35:14
EMP0310,Madhu,Singh,employee310@gmail.com,9756331135,25,Female,UI UX,DevOps Engineer,Admin,Mysuru,Tamil Nadu,India,83183,44830,8,Inactive,1,1,2021-09-17,2025-01-31 10:00:00,0,3.5,2026-07-14 14:35:14,2026-07-14 14:35:14
EMP0311,Varun,Gupta,employee311@gmail.com,9270708890,54,Male,Support,Junior Developer,Admin,Mysuru,Madhya Pradesh,India,213467,22989,20,Inactive,1,1,2018-09-03,2020-07-01 10:00:00,1,3.7,2026-07-14 14:35:14,2026-07-14 14:35:14
EMP0312,Keerthi,Singh,employee312@gmail.com,9807474719,56,Female,Mobile,Senior Software Engineer,Intern,Delhi,Uttar Pradesh,India,146264,12257,11,Inactive,0,1,2021-06-23,2025-03-25 10:00:00,1,2.3,2026-07-14 14:35:14,2026-07-14 14:35:14
EMP0313,Suresh,Kumar,employee313@gmail.com,9529871451,22,Male,UI UX,Technical Lead,Manager,Warangal,Madhya Pradesh,India,58526,6394,16,Inactive,0,1,2020-03-04,2021-04-18 10:00:00,1,2.1,2026-07-14 14:35:14,2026-07-14 14:35:14
EMP0314,Priya,Reddy,employee314@gmail.com,9744311503,58,Male,Finance,Team Lead,Intern,Indore,Delhi,India,143671,43570,0,Inactive,0,1,2019-08-31,2024-02-10 10:00:00,0,4.5,2026-07-14 14:35:14,2026-07-14 14:35:14
EMP0315,Ajay,Patel,employee315@gmail.com,9387062809,24,Male,Finance,Tester,Admin,Mysuru,Delhi,India,74305,41766,20,Resigned,0,0,2019-01-05,2019-11-03 10:00:00,0,1.3,2026-07-14 14:35:14,2026-07-14 14:35:14
EMP0316,Naveen,Gupta,employee316@gmail.com,9739501834,38,Female,Testing,Business Analyst,Employee,Pune,Tamil Nadu,India,98937,13769,20,Resigned,1,0,2023-05-15,2026-05-15 10:00:00,0,2.8,2026-07-14 14:35:14,2026-07-14 14:35:14
EMP0317,Harish,Gupta,employee317@gmail.com,9753800684,21,Female,Data Science,Junior Developer,Manager,Visakhapatnam,West Bengal,India,213196,35670,4,Resigned,0,0,2025-12-28,2026-02-09 10:00:00,0,2.7,2026-07-14 14:35:14,2026-07-14 14:35:14
EMP0318,Kiran,Singh,employee318@gmail.com,9546804907,48,Female,Support,Project Manager,Intern,Jaipur,Tamil Nadu,India,56496,12634,23,Inactive,1,0,2024-08-25,2024-10-17 10:00:00,0,1.5,2026-07-14 14:35:14,2026-07-14 14:35:14
EMP0319,Ganesh,Kumar,employee319@gmail.com,9778286100,35,Female,Finance,Intern,Manager,Tirupati,Telangana,India,165463,48496,21,Active,0,1,2021-07-04,2025-12-05 10:00:00,0,4.7,2026-07-14 14:35:14,2026-07-14 14:35:14
EMP0320,Madhu,Rao,employee320@gmail.com,9565257679,50,Male,React,Business Analyst,Manager,Coimbatore,Madhya Pradesh,India,41109,31666,14,Active,1,1,2025-06-03,2025-10-08 10:00:00,1,4.1,2026-07-14 14:35:14,2026-07-14 14:35:14
EMP0321,Divya,Sharma,employee321@gmail.com,9738398658,24,Female,Security,Technical Lead,Manager,Nagpur,Uttar Pradesh,India,193315,5408,11,Inactive,0,0,2025-09-26,2026-01-03 10:00:00,0,1.8,2026-07-14 14:35:14,2026-07-14 14:35:14
EMP0322,Ravi,Singh,employee322@gmail.com,9604035848,47,Female,Python,HR Executive,Team Lead,Guntur,Andhra Pradesh,India,97104,32914,18,Resigned,0,0,2025-09-24,2026-01-04 10:00:00,0,2.1,2026-07-14 14:35:14,2026-07-14 14:35:14
EMP0323,Keerthi,Patel,employee323@gmail.com,9530483185,36,Male,CRM,Accountant,Manager,Jaipur,Karnataka,India,206560,13137,2,Resigned,0,1,2025-09-06,2025-10-21 10:00:00,1,3.2,2026-07-14 14:35:14,2026-07-14 14:35:14
EMP0324,Naveen,Reddy,employee324@gmail.com,9642464905,25,Male,Cloud,Tester,Manager,Kochi,Andhra Pradesh,India,73345,4798,9,Resigned,0,0,2025-12-06,2026-04-09 10:00:00,0,3.2,2026-07-14 14:35:14,2026-07-14 14:35:14
EMP0325,Ajay,Gupta,employee325@gmail.com,9458272981,26,Female,DevOps,HR Executive,Intern,Visakhapatnam,Kerala,India,48993,38550,17,Active,0,1,2022-11-05,2023-11-08 10:00:00,1,4.2,2026-07-14 14:35:14,2026-07-14 14:35:14
EMP0326,Suresh,Patel,employee326@gmail.com,9812033810,37,Female,CRM,Manager,Manager,Bengaluru,Telangana,India,234867,11011,13,Resigned,1,0,2020-10-19,2025-01-23 10:00:00,1,1.9,2026-07-14 14:35:14,2026-07-14 14:35:14
EMP0327,Vikram,Das,employee327@gmail.com,9282748180,30,Female,Testing,Technical Lead,Team Lead,Bengaluru,Delhi,India,150319,11021,24,Active,0,0,2021-02-08,2023-10-27 10:00:00,0,2.8,2026-07-14 14:35:14,2026-07-14 14:35:14
EMP0328,Pavan,Singh,employee328@gmail.com,9907514949,43,Male,Operations,Junior Developer,Manager,Nagpur,Kerala,India,94801,9557,17,Inactive,0,0,2020-04-03,2026-04-06 10:00:00,1,1.6,2026-07-14 14:35:14,2026-07-14 14:35:14
EMP0329,Ganesh,Patel,employee329@gmail.com,9152084470,22,Female,QA,DevOps Engineer,Intern,Guntur,Andhra Pradesh,India,88885,33182,20,Active,0,1,2024-05-03,2025-10-22 10:00:00,0,3.4,2026-07-14 14:35:14,2026-07-14 14:35:14
EMP0330,Anitha,Gupta,employee330@gmail.com,9853155565,28,Male,Sales,Technical Lead,Intern,Bhopal,Telangana,India,23599,13636,5,Resigned,1,0,2020-10-07,2023-11-09 10:00:00,0,1.5,2026-07-14 14:35:14,2026-07-14 14:35:14
EMP0331,Naveen,Sharma,employee331@gmail.com,9841322329,28,Female,Finance,Team Lead,Intern,Coimbatore,Maharashtra,India,174480,23815,24,Active,0,0,2024-07-15,2026-04-04 10:00:00,0,3.3,2026-07-14 14:35:14,2026-07-14 14:35:14
EMP0332,Deepika,Naidu,employee332@gmail.com,9181440389,50,Female,Data Science,DevOps Engineer,Admin,Kolkata,Rajasthan,India,49995,40390,1,Resigned,0,0,2025-01-20,2025-02-22 10:00:00,1,1.5,2026-07-14 14:35:14,2026-07-14 14:35:14
EMP0333,Priya,Kumar,employee333@gmail.com,9334368646,39,Male,Finance,Accountant,Team Lead,Coimbatore,Madhya Pradesh,India,228015,37497,0,Inactive,1,1,2023-10-08,2024-05-18 10:00:00,1,5.0,2026-07-14 14:35:14,2026-07-14 14:35:14
EMP0334,Ramesh,Rao,employee334@gmail.com,9435795893,26,Male,Python,HR Executive,Team Lead,Chennai,Uttar Pradesh,India,121243,28327,19,Resigned,1,0,2019-02-01,2020-10-01 10:00:00,0,1.6,2026-07-14 14:35:14,2026-07-14 14:35:14
EMP0335,Ajay,Kumar,employee335@gmail.com,9561491680,31,Male,Networking,Technical Lead,Employee,Mysuru,Tamil Nadu,India,32569,49140,15,Resigned,0,0,2022-09-21,2023-10-14 10:00:00,0,4.0,2026-07-14 14:35:14,2026-07-14 14:35:14
EMP0336,Bhavani,Naidu,employee336@gmail.com,9376487981,21,Male,ERP,Business Analyst,Admin,Hyderabad,Rajasthan,India,81013,23558,18,Inactive,0,1,2025-01-03,2025-05-31 10:00:00,0,2.5,2026-07-14 14:35:14,2026-07-14 14:35:14
EMP0337,Ganesh,Sharma,employee337@gmail.com,9336035714,60,Female,Security,Technical Lead,Team Lead,Delhi,Telangana,India,175959,39673,25,Resigned,1,1,2023-07-01,2025-07-31 10:00:00,0,4.0,2026-07-14 14:35:14,2026-07-14 14:35:14
EMP0338,Harish,Gupta,employee338@gmail.com,9281832590,58,Female,UI UX,Business Analyst,Manager,Hyderabad,Rajasthan,India,166575,25980,5,Resigned,1,1,2020-04-25,2021-02-22 10:00:00,0,3.7,2026-07-14 14:35:14,2026-07-14 14:35:14
EMP0339,Ravi,Naidu,employee339@gmail.com,9423948243,40,Female,Mobile,Business Analyst,Manager,Mumbai,Tamil Nadu,India,26845,10631,23,Inactive,1,0,2023-01-02,2025-01-24 10:00:00,0,4.0,2026-07-14 14:35:14,2026-07-14 14:35:14
EMP0340,Keerthi,Das,employee340@gmail.com,9216024722,47,Male,Admin,HR Executive,Intern,Nagpur,Telangana,India,249208,48882,19,Inactive,0,0,2020-09-22,2023-06-30 10:00:00,1,1.1,2026-07-14 14:35:14,2026-07-14 14:35:14
EMP0341,Harish,Das,employee341@gmail.com,9877076903,47,Female,Design,Software Engineer,Manager,Visakhapatnam,Delhi,India,218792,19044,10,Active,1,0,2019-09-17,2021-10-02 10:00:00,1,2.9,2026-07-14 14:35:14,2026-07-14 14:35:14
EMP0342,Bhavani,Reddy,employee342@gmail.com,9747222091,60,Female,Finance,Team Lead,Intern,Mumbai,Maharashtra,India,176514,2076,18,Active,1,1,2020-09-24,2021-02-06 10:00:00,0,4.2,2026-07-14 14:35:14,2026-07-14 14:35:14
EMP0343,Keerthi,Verma,employee343@gmail.com,9541558721,54,Male,NodeJS,Software Engineer,Manager,Jaipur,West Bengal,India,122032,25112,0,Active,1,1,2024-11-10,2025-06-07 10:00:00,1,5.0,2026-07-14 14:35:14,2026-07-14 14:35:14
EMP0344,Kiran,Patel,employee344@gmail.com,9303511040,24,Male,Python,Cloud Engineer,Team Lead,Bengaluru,Tamil Nadu,India,102906,24495,23,Active,0,1,2022-01-05,2024-08-06 10:00:00,0,3.6,2026-07-14 14:35:14,2026-07-14 14:35:14
EMP0345,Naveen,Singh,employee345@gmail.com,9269183777,48,Male,AI,Manager,Intern,Mumbai,Telangana,India,75764,30152,1,Resigned,1,0,2023-07-28,2024-06-10 10:00:00,0,2.8,2026-07-14 14:35:14,2026-07-14 14:35:14
EMP0346,Ajay,Naidu,employee346@gmail.com,9744206005,55,Female,Finance,Junior Developer,Employee,Hyderabad,Maharashtra,India,163916,10681,0,Inactive,1,1,2019-12-01,2026-05-24 10:00:00,1,3.2,2026-07-14 14:35:14,2026-07-14 14:35:14
EMP0347,Priya,Gupta,employee347@gmail.com,9891862525,23,Male,Security,HR Executive,Team Lead,Mumbai,Uttar Pradesh,India,47259,27305,15,Inactive,1,1,2019-11-27,2023-10-24 10:00:00,1,4.2,2026-07-14 14:35:14,2026-07-14 14:35:14
EMP0348,Akhil,Das,employee348@gmail.com,9870648924,37,Male,AI,Accountant,Employee,Lucknow,Telangana,India,21493,34570,23,Resigned,1,0,2019-07-07,2023-11-13 10:00:00,0,2.0,2026-07-14 14:35:14,2026-07-14 14:35:14
EMP0349,Kiran,Rao,employee349@gmail.com,9745463209,29,Male,UI UX,Software Engineer,Manager,Jaipur,West Bengal,India,179700,42569,21,Resigned,0,0,2024-02-25,2025-01-17 10:00:00,1,1.2,2026-07-14 14:35:14,2026-07-14 14:35:14
EMP0350,Anitha,Rao,employee350@gmail.com,9295399559,43,Male,Support,Data Analyst,Team Lead,Mysuru,Telangana,India,217655,24729,5,Active,1,1,2021-09-04,2022-03-22 10:00:00,1,1.3,2026-07-14 14:35:14,2026-07-14 14:35:14
EMP0351,Varun,Patel,employee351@gmail.com,9195155768,31,Male,Support,Tester,Team Lead,Coimbatore,Andhra Pradesh,India,220736,16587,6,Resigned,1,0,2023-06-29,2025-05-28 10:00:00,1,4.8,2026-07-14 14:35:14,2026-07-14 14:35:14
EMP0352,Pavan,Naidu,employee352@gmail.com,9126762839,45,Female,Operations,Project Manager,Employee,Delhi,Delhi,India,171667,31720,16,Active,0,1,2018-06-03,2025-02-08 10:00:00,0,4.3,2026-07-14 14:35:14,2026-07-14 14:35:14
EMP0353,Suresh,Sharma,employee353@gmail.com,9374597842,60,Female,React,Project Manager,Intern,Jaipur,Madhya Pradesh,India,53144,34002,8,Resigned,1,1,2019-04-22,2024-04-23 10:00:00,0,2.3,2026-07-14 14:35:14,2026-07-14 14:35:14
EMP0354,Priya,Singh,employee354@gmail.com,9517969843,40,Male,Testing,Team Lead,Team Lead,Kolkata,Telangana,India,52437,35873,5,Resigned,1,0,2024-02-26,2025-07-29 10:00:00,0,3.1,2026-07-14 14:35:14,2026-07-14 14:35:14
EMP0355,Sneha,Naidu,employee355@gmail.com,9658483583,58,Male,NodeJS,HR Executive,Employee,Guntur,Rajasthan,India,218388,18295,18,Inactive,0,1,2019-02-26,2024-12-09 10:00:00,1,3.2,2026-07-14 14:35:14,2026-07-14 14:35:14
EMP0356,Bhavani,Kumar,employee356@gmail.com,9158506215,50,Male,UI UX,Software Engineer,Manager,Bengaluru,Madhya Pradesh,India,36765,27638,16,Active,0,0,2024-11-18,2025-03-21 10:00:00,0,4.7,2026-07-14 14:35:14,2026-07-14 14:35:14
EMP0357,Priya,Rao,employee357@gmail.com,9786266687,23,Female,HR,HR Executive,Manager,Chennai,Madhya Pradesh,India,79667,33563,2,Inactive,0,0,2020-01-05,2022-09-13 10:00:00,1,4.0,2026-07-14 14:35:14,2026-07-14 14:35:14
EMP0358,Ramesh,Das,employee358@gmail.com,9610329012,43,Male,Java,Manager,Admin,Jaipur,West Bengal,India,236725,32080,16,Active,0,1,2022-04-06,2025-12-04 10:00:00,1,4.7,2026-07-14 14:35:14,2026-07-14 14:35:14
EMP0359,Akhil,Sharma,employee359@gmail.com,9376520982,27,Female,NodeJS,Intern,Team Lead,Jaipur,Delhi,India,120479,20485,18,Inactive,0,1,2025-06-12,2025-07-30 10:00:00,1,3.1,2026-07-14 14:35:14,2026-07-14 14:35:14
EMP0360,Ajay,Sharma,employee360@gmail.com,9330845616,60,Female,Accounts,HR Executive,Intern,Mysuru,Karnataka,India,48106,27319,17,Inactive,1,1,2021-06-27,2026-04-30 10:00:00,1,3.1,2026-07-14 14:35:14,2026-07-14 14:35:14
EMP0361,Kiran,Reddy,employee361@gmail.com,9265056583,24,Female,Networking,Project Manager,Admin,Tirupati,Delhi,India,157721,48541,9,Resigned,0,0,2019-10-05,2022-03-07 10:00:00,1,3.0,2026-07-14 14:35:14,2026-07-14 14:35:14
EMP0362,Arjun,Das,employee362@gmail.com,9452885724,52,Male,Testing,DevOps Engineer,Team Lead,Coimbatore,Uttar Pradesh,India,232572,48988,5,Active,0,1,2023-03-30,2025-06-01 10:00:00,1,1.9,2026-07-14 14:35:14,2026-07-14 14:35:14
EMP0363,Keerthi,Reddy,employee363@gmail.com,9895676792,21,Male,Mobile,HR Executive,Manager,Kolkata,Andhra Pradesh,India,111910,31939,5,Resigned,0,1,2022-07-07,2023-07-15 10:00:00,1,3.5,2026-07-14 14:35:14,2026-07-14 14:35:14
EMP0364,Bhavani,Das,employee364@gmail.com,9824387728,44,Male,Data Science,Business Analyst,Intern,Delhi,Telangana,India,133260,36759,5,Inactive,0,1,2023-07-03,2026-03-12 10:00:00,0,2.9,2026-07-14 14:35:14,2026-07-14 14:35:14
EMP0365,Harish,Verma,employee365@gmail.com,9157453719,42,Male,ERP,Senior Software Engineer,Team Lead,Delhi,Delhi,India,93924,46844,16,Active,0,0,2020-08-14,2025-10-25 10:00:00,1,1.1,2026-07-14 14:35:14,2026-07-14 14:35:14
EMP0366,Harish,Gupta,employee366@gmail.com,9120995936,27,Male,Operations,Intern,Team Lead,Hyderabad,Maharashtra,India,188311,15721,14,Inactive,0,0,2022-12-09,2026-07-10 10:00:00,0,3.8,2026-07-14 14:35:14,2026-07-14 14:35:14
EMP0367,Priya,Das,employee367@gmail.com,9471419105,46,Male,Business,Accountant,Employee,Mumbai,Tamil Nadu,India,175094,18945,0,Resigned,0,1,2019-01-03,2021-01-27 10:00:00,1,1.6,2026-07-14 14:35:14,2026-07-14 14:35:14
EMP0368,Vikram,Naidu,employee368@gmail.com,9389246172,22,Male,Support,Cloud Engineer,Manager,Bengaluru,Delhi,India,122797,46341,3,Inactive,1,1,2024-01-26,2025-06-07 10:00:00,1,2.1,2026-07-14 14:35:14,2026-07-14 14:35:14
EMP0369,Harish,Rao,employee369@gmail.com,9839211241,35,Female,QA,Cloud Engineer,Manager,Kochi,Uttar Pradesh,India,160990,29792,3,Inactive,0,0,2021-02-28,2023-05-03 10:00:00,0,1.6,2026-07-14 14:35:14,2026-07-14 14:35:14
EMP0370,Pavan,Reddy,employee370@gmail.com,9577885341,56,Male,Java,Intern,Manager,Delhi,West Bengal,India,219281,49591,13,Resigned,1,1,2018-05-26,2022-06-10 10:00:00,1,4.1,2026-07-14 14:35:14,2026-07-14 14:35:14
EMP0371,Rahul,Rao,employee371@gmail.com,9810331339,42,Female,Cloud,Senior Software Engineer,Employee,Tirupati,Kerala,India,193241,3768,1,Resigned,0,0,2024-03-17,2025-07-30 10:00:00,1,3.0,2026-07-14 14:35:14,2026-07-14 14:35:14
EMP0372,Keerthi,Naidu,employee372@gmail.com,9416199941,45,Female,Sales,Junior Developer,Intern,Jaipur,Maharashtra,India,79277,35208,13,Resigned,1,1,2025-08-22,2026-03-16 10:00:00,1,1.3,2026-07-14 14:35:14,2026-07-14 14:35:14
EMP0373,Ganesh,Sharma,employee373@gmail.com,9657371269,21,Male,NodeJS,DevOps Engineer,Intern,Mumbai,Telangana,India,141507,28133,9,Resigned,0,1,2024-12-08,2025-01-22 10:00:00,1,2.3,2026-07-14 14:35:14,2026-07-14 14:35:14
EMP0374,Arjun,Patel,employee374@gmail.com,9241717801,40,Male,Java,Junior Developer,Manager,Lucknow,Telangana,India,37036,35578,11,Active,1,0,2025-02-12,2026-04-19 10:00:00,0,2.1,2026-07-14 14:35:14,2026-07-14 14:35:14
EMP0375,Harish,Kumar,employee375@gmail.com,9220768456,22,Male,DevOps,Tester,Team Lead,Bengaluru,Rajasthan,India,192181,24496,2,Inactive,1,0,2023-12-29,2026-03-29 10:00:00,0,4.5,2026-07-14 14:35:14,2026-07-14 14:35:14
EMP0376,Anitha,Singh,employee376@gmail.com,9201061928,37,Female,Testing,Manager,Employee,Jaipur,West Bengal,India,103098,45213,24,Inactive,1,0,2023-05-15,2025-08-18 10:00:00,0,4.6,2026-07-14 14:35:14,2026-07-14 14:35:14
EMP0377,Kiran,Das,employee377@gmail.com,9354943064,53,Male,Data Science,Technical Lead,Intern,Kochi,Madhya Pradesh,India,241787,13309,17,Inactive,0,0,2020-08-10,2021-07-14 10:00:00,1,1.2,2026-07-14 14:35:14,2026-07-14 14:35:14
EMP0378,Sneha,Patel,employee378@gmail.com,9815784737,53,Female,Networking,Accountant,Intern,Nagpur,Delhi,India,159592,14631,21,Resigned,1,0,2025-01-01,2025-04-15 10:00:00,0,3.8,2026-07-14 14:35:14,2026-07-14 14:35:14
EMP0379,Suresh,Das,employee379@gmail.com,9975025361,54,Male,Java,Technical Lead,Employee,Warangal,Uttar Pradesh,India,136261,31037,20,Inactive,1,1,2025-10-14,2025-10-21 10:00:00,0,1.8,2026-07-14 14:35:14,2026-07-14 14:35:14
EMP0380,Ganesh,Das,employee380@gmail.com,9505407405,25,Male,Marketing,Senior Software Engineer,Admin,Mysuru,Madhya Pradesh,India,242581,43309,13,Resigned,1,1,2022-05-26,2023-03-27 10:00:00,1,3.3,2026-07-14 14:35:14,2026-07-14 14:35:14
EMP0381,Ravi,Patel,employee381@gmail.com,9373272626,26,Female,Security,Junior Developer,Admin,Chennai,Delhi,India,227678,7231,18,Active,0,0,2019-10-28,2024-07-07 10:00:00,1,4.6,2026-07-14 14:35:14,2026-07-14 14:35:14
EMP0382,Priya,Das,employee382@gmail.com,9605901639,53,Male,Python,DevOps Engineer,Admin,Lucknow,Rajasthan,India,222523,34025,12,Resigned,1,1,2025-05-05,2025-09-14 10:00:00,1,3.2,2026-07-14 14:35:14,2026-07-14 14:35:14
EMP0383,Akhil,Patel,employee383@gmail.com,9833066815,26,Male,Security,Accountant,Intern,Pune,Maharashtra,India,197252,27957,22,Inactive,1,0,2020-11-17,2024-07-08 10:00:00,1,1.3,2026-07-14 14:35:14,2026-07-14 14:35:14
EMP0384,Ganesh,Singh,employee384@gmail.com,9465657587,34,Female,Java,Intern,Team Lead,Mysuru,Kerala,India,77676,2862,7,Active,0,1,2025-04-07,2026-05-18 10:00:00,0,4.9,2026-07-14 14:35:14,2026-07-14 14:35:14
EMP0385,Varun,Das,employee385@gmail.com,9531639970,42,Male,Mobile,DevOps Engineer,Intern,Guntur,Rajasthan,India,219218,4096,23,Resigned,1,1,2019-04-10,2025-04-02 10:00:00,1,2.3,2026-07-14 14:35:14,2026-07-14 14:35:14
EMP0386,Bhavani,Das,employee386@gmail.com,9951782831,20,Female,Data Science,Project Manager,Team Lead,Visakhapatnam,Andhra Pradesh,India,190305,10386,15,Inactive,1,1,2018-11-30,2019-06-18 10:00:00,0,4.2,2026-07-14 14:35:14,2026-07-14 14:35:14
EMP0387,Ganesh,Sharma,employee387@gmail.com,9456263556,49,Male,DevOps,Software Engineer,Employee,Kochi,Maharashtra,India,70390,27858,15,Inactive,0,0,2023-07-12,2024-02-20 10:00:00,1,2.0,2026-07-14 14:35:14,2026-07-14 14:35:14
EMP0388,Rahul,Naidu,employee388@gmail.com,9180554185,42,Male,React,Intern,Team Lead,Warangal,West Bengal,India,167765,10284,1,Active,0,1,2025-05-07,2025-12-04 10:00:00,0,1.2,2026-07-14 14:35:14,2026-07-14 14:35:14
EMP0389,Harish,Singh,employee389@gmail.com,9284636431,42,Male,Java,Intern,Admin,Kochi,Uttar Pradesh,India,45183,48751,19,Resigned,1,0,2026-05-29,2026-06-04 10:00:00,1,3.1,2026-07-14 14:35:14,2026-07-14 14:35:14
EMP0390,Akhil,Das,employee390@gmail.com,9323945114,29,Male,Networking,DevOps Engineer,Employee,Jaipur,Rajasthan,India,40594,39770,13,Inactive,1,1,2019-04-11,2021-07-12 10:00:00,0,1.3,2026-07-14 14:35:14,2026-07-14 14:35:14
EMP0391,Ajay,Rao,employee391@gmail.com,9643386228,50,Female,DevOps,Intern,Admin,Nagpur,Maharashtra,India,136256,28232,19,Resigned,1,0,2023-03-09,2025-04-09 10:00:00,0,2.9,2026-07-14 14:35:14,2026-07-14 14:35:14
EMP0392,Akhil,Naidu,employee392@gmail.com,9517733142,32,Female,Support,Manager,Employee,Visakhapatnam,Telangana,India,60589,21960,2,Active,0,1,2019-02-07,2019-10-09 10:00:00,1,3.3,2026-07-14 14:35:14,2026-07-14 14:35:14
EMP0393,Ganesh,Sharma,employee393@gmail.com,9235521387,52,Female,Business,Manager,Manager,Guntur,Kerala,India,119337,34430,9,Inactive,0,0,2021-03-05,2024-03-31 10:00:00,0,4.9,2026-07-14 14:35:14,2026-07-14 14:35:14
EMP0394,Naveen,Sharma,employee394@gmail.com,9904563449,41,Male,Support,Accountant,Intern,Kochi,Madhya Pradesh,India,43034,36006,18,Resigned,0,1,2022-09-10,2023-03-22 10:00:00,0,3.5,2026-07-14 14:35:14,2026-07-14 14:35:14
EMP0395,Kiran,Gupta,employee395@gmail.com,9365435086,35,Female,Python,Accountant,Employee,Delhi,Madhya Pradesh,India,51100,20155,20,Resigned,0,0,2022-09-04,2023-03-30 10:00:00,0,3.2,2026-07-14 14:35:14,2026-07-14 14:35:14
EMP0396,Varun,Patel,employee396@gmail.com,9481707209,35,Male,Support,Business Analyst,Manager,Lucknow,Rajasthan,India,131220,28539,14,Inactive,1,0,2021-08-09,2023-03-07 10:00:00,1,1.1,2026-07-14 14:35:14,2026-07-14 14:35:14
EMP0397,Meena,Rao,employee397@gmail.com,9658512133,52,Male,Java,Technical Lead,Manager,Kochi,Telangana,India,88937,47968,25,Inactive,0,1,2023-11-11,2025-07-12 10:00:00,1,3.1,2026-07-14 14:35:14,2026-07-14 14:35:14
EMP0398,Pavan,Naidu,employee398@gmail.com,9201539983,28,Male,Mobile,Manager,Team Lead,Warangal,West Bengal,India,219834,49619,1,Active,0,1,2024-10-19,2025-05-08 10:00:00,1,2.1,2026-07-14 14:35:14,2026-07-14 14:35:14
EMP0399,Ravi,Naidu,employee399@gmail.com,9656834469,54,Female,DevOps,Accountant,Admin,Kochi,Madhya Pradesh,India,226591,27039,22,Resigned,0,1,2021-01-17,2025-12-13 10:00:00,1,3.8,2026-07-14 14:35:14,2026-07-14 14:35:14
EMP0400,Ramesh,Reddy,employee400@gmail.com,9115696848,57,Female,Business,Project Manager,Team Lead,Coimbatore,Rajasthan,India,21315,25273,20,Resigned,0,0,2025-09-23,2026-04-20 10:00:00,0,4.4,2026-07-14 14:35:14,2026-07-14 14:35:14
EMP0401,Rahul,Verma,employee401@gmail.com,9732336274,20,Male,Python,Software Engineer,Manager,Guntur,West Bengal,India,98880,1169,4,Resigned,0,0,2024-07-31,2025-02-12 10:00:00,1,3.9,2026-07-14 14:35:14,2026-07-14 14:35:14
EMP0402,Deepika,Gupta,employee402@gmail.com,9986369398,33,Male,Design,Tester,Admin,Tirupati,Rajasthan,India,139598,19079,15,Inactive,0,1,2022-12-16,2024-04-23 10:00:00,1,2.7,2026-07-14 14:35:14,2026-07-14 14:35:14
EMP0403,Rahul,Reddy,employee403@gmail.com,9412826178,42,Female,Operations,Tester,Admin,Delhi,Delhi,India,120572,13331,9,Active,0,0,2018-06-27,2018-08-29 10:00:00,1,4.1,2026-07-14 14:35:14,2026-07-14 14:35:14
EMP0404,Vikram,Sharma,employee404@gmail.com,9367870493,31,Male,Python,Software Engineer,Employee,Pune,Tamil Nadu,India,84654,11069,8,Active,0,0,2023-12-30,2026-07-05 10:00:00,0,4.3,2026-07-14 14:35:14,2026-07-14 14:35:14
EMP0405,Akhil,Gupta,employee405@gmail.com,9104653513,40,Female,NodeJS,Technical Lead,Manager,Bengaluru,Kerala,India,161914,48256,17,Active,1,1,2020-12-17,2026-05-18 10:00:00,1,1.2,2026-07-14 14:35:14,2026-07-14 14:35:14
EMP0406,Varun,Gupta,employee406@gmail.com,9314291279,26,Male,ERP,Business Analyst,Employee,Pune,Kerala,India,126523,43462,9,Active,0,1,2021-08-01,2022-06-27 10:00:00,0,1.1,2026-07-14 14:35:14,2026-07-14 14:35:14
EMP0407,Pavan,Rao,employee407@gmail.com,9819532244,39,Male,ERP,Team Lead,Employee,Mysuru,Delhi,India,34887,44241,3,Inactive,0,0,2021-08-02,2021-08-23 10:00:00,1,1.0,2026-07-14 14:35:14,2026-07-14 14:35:14
EMP0408,Lakshmi,Reddy,employee408@gmail.com,9745770852,50,Female,Design,Project Manager,Admin,Nagpur,Delhi,India,196291,24447,14,Resigned,0,0,2024-05-26,2025-03-28 10:00:00,0,4.9,2026-07-14 14:35:14,2026-07-14 14:35:14
EMP0409,Bhavani,Gupta,employee409@gmail.com,9319044685,29,Male,Security,HR Executive,Intern,Nagpur,Karnataka,India,184543,30189,19,Inactive,0,0,2025-03-07,2025-08-06 10:00:00,0,1.2,2026-07-14 14:35:14,2026-07-14 14:35:14
EMP0410,Pavan,Reddy,employee410@gmail.com,9181868911,47,Male,Marketing,Accountant,Intern,Nagpur,Madhya Pradesh,India,160416,6270,12,Inactive,0,0,2023-03-17,2023-08-29 10:00:00,1,1.5,2026-07-14 14:35:14,2026-07-14 14:35:14
EMP0411,Pavan,Rao,employee411@gmail.com,9836611213,37,Female,React,Junior Developer,Employee,Chennai,Maharashtra,India,215059,18089,18,Active,1,1,2021-03-18,2022-10-08 10:00:00,1,3.0,2026-07-14 14:35:14,2026-07-14 14:35:14
EMP0412,Pavan,Rao,employee412@gmail.com,9671157929,48,Male,ERP,Team Lead,Intern,Mumbai,Andhra Pradesh,India,116813,15441,4,Inactive,1,0,2025-07-18,2026-05-23 10:00:00,0,2.6,2026-07-14 14:35:14,2026-07-14 14:35:14
EMP0413,Rahul,Singh,employee413@gmail.com,9233664116,59,Female,NodeJS,Project Manager,Team Lead,Nagpur,Uttar Pradesh,India,138343,2481,21,Inactive,1,1,2025-11-29,2026-02-22 10:00:00,0,4.8,2026-07-14 14:35:14,2026-07-14 14:35:14
EMP0414,Pavan,Gupta,employee414@gmail.com,9773777616,29,Male,HR,Tester,Team Lead,Vijayawada,Tamil Nadu,India,175623,23589,0,Resigned,1,1,2020-09-03,2026-02-24 10:00:00,1,2.8,2026-07-14 14:35:14,2026-07-14 14:35:14
EMP0415,Kiran,Naidu,employee415@gmail.com,9493922567,34,Male,QA,Business Analyst,Manager,Pune,Telangana,India,22788,31196,9,Active,0,1,2020-04-03,2021-05-29 10:00:00,0,3.6,2026-07-14 14:35:14,2026-07-14 14:35:14
EMP0416,Ganesh,Patel,employee416@gmail.com,9694628940,35,Female,NodeJS,Junior Developer,Manager,Mumbai,Tamil Nadu,India,83380,6125,19,Inactive,1,1,2021-02-02,2021-08-15 10:00:00,0,3.1,2026-07-14 14:35:14,2026-07-14 14:35:14
EMP0417,Vikram,Patel,employee417@gmail.com,9270100667,45,Female,ERP,HR Executive,Team Lead,Lucknow,Maharashtra,India,19571,23220,16,Inactive,1,1,2021-02-25,2021-07-24 10:00:00,1,4.9,2026-07-14 14:35:14,2026-07-14 14:35:14
EMP0418,Varun,Rao,employee418@gmail.com,9339343274,31,Male,AI,Junior Developer,Team Lead,Warangal,Andhra Pradesh,India,197845,25597,6,Inactive,1,1,2022-04-26,2022-08-05 10:00:00,1,3.3,2026-07-14 14:35:14,2026-07-14 14:35:14
EMP0419,Priya,Gupta,employee419@gmail.com,9730747949,49,Female,Business,DevOps Engineer,Team Lead,Visakhapatnam,Maharashtra,India,39929,49598,6,Resigned,1,0,2021-09-16,2022-05-13 10:00:00,0,4.8,2026-07-14 14:35:14,2026-07-14 14:35:14
EMP0420,Anitha,Rao,employee420@gmail.com,9837643229,54,Male,Design,HR Executive,Employee,Hyderabad,Uttar Pradesh,India,115513,21736,4,Inactive,0,1,2025-06-08,2026-01-30 10:00:00,1,1.9,2026-07-14 14:35:14,2026-07-14 14:35:14
EMP0421,Sai,Reddy,employee421@gmail.com,9283486175,48,Male,Security,Junior Developer,Intern,Warangal,Andhra Pradesh,India,101224,8670,11,Resigned,1,1,2023-05-30,2024-04-02 10:00:00,1,3.2,2026-07-14 14:35:14,2026-07-14 14:35:14
EMP0422,Keerthi,Kumar,employee422@gmail.com,9797742653,49,Female,Cloud,Software Engineer,Intern,Coimbatore,Rajasthan,India,183044,15741,10,Resigned,0,0,2019-11-12,2022-09-19 10:00:00,1,2.3,2026-07-14 14:35:14,2026-07-14 14:35:14
EMP0423,Meena,Patel,employee423@gmail.com,9734118290,34,Male,Admin,Team Lead,Manager,Tirupati,Uttar Pradesh,India,16502,1673,16,Inactive,1,0,2020-06-05,2021-11-12 10:00:00,1,1.8,2026-07-14 14:35:14,2026-07-14 14:35:14
EMP0424,Ganesh,Reddy,employee424@gmail.com,9686734006,34,Male,Business,Intern,Employee,Kochi,Madhya Pradesh,India,117498,18593,21,Inactive,0,1,2025-12-16,2026-06-26 10:00:00,1,4.7,2026-07-14 14:35:14,2026-07-14 14:35:14
EMP0425,Harish,Das,employee425@gmail.com,9409723982,24,Female,NodeJS,Software Engineer,Employee,Bhopal,Tamil Nadu,India,121539,26630,22,Resigned,0,0,2020-10-13,2025-06-09 10:00:00,1,2.8,2026-07-14 14:35:14,2026-07-14 14:35:14
EMP0426,Ramesh,Naidu,employee426@gmail.com,9695370805,25,Male,Marketing,HR Executive,Team Lead,Kolkata,Delhi,India,93018,2115,20,Active,0,0,2022-11-03,2025-12-10 10:00:00,1,4.6,2026-07-14 14:35:14,2026-07-14 14:35:14
EMP0427,Bhavani,Das,employee427@gmail.com,9522071691,50,Female,React,Data Analyst,Admin,Hyderabad,Kerala,India,137788,35938,15,Inactive,0,0,2021-02-14,2026-02-18 10:00:00,0,4.6,2026-07-14 14:35:14,2026-07-14 14:35:14
EMP0428,Divya,Sharma,employee428@gmail.com,9949471772,20,Male,NodeJS,Business Analyst,Manager,Lucknow,Andhra Pradesh,India,102520,31472,14,Active,0,1,2024-07-27,2024-11-16 10:00:00,1,2.7,2026-07-14 14:35:14,2026-07-14 14:35:14
EMP0429,Naveen,Sharma,employee429@gmail.com,9217464702,51,Male,Marketing,Team Lead,Admin,Coimbatore,Maharashtra,India,220195,29488,4,Inactive,1,0,2023-11-25,2026-01-27 10:00:00,0,4.9,2026-07-14 14:35:14,2026-07-14 14:35:14
EMP0430,Priya,Verma,employee430@gmail.com,9958764355,54,Female,Python,Accountant,Admin,Delhi,Maharashtra,India,211627,5838,1,Active,1,0,2019-10-18,2024-05-02 10:00:00,0,2.8,2026-07-14 14:35:14,2026-07-14 14:35:14
EMP0431,Naveen,Patel,employee431@gmail.com,9542007227,56,Male,Sales,Data Analyst,Manager,Jaipur,West Bengal,India,121949,22128,1,Inactive,1,0,2024-02-19,2024-04-09 10:00:00,0,4.4,2026-07-14 14:35:14,2026-07-14 14:35:14
EMP0432,Ramesh,Patel,employee432@gmail.com,9131867921,29,Male,Design,Accountant,Manager,Mysuru,Madhya Pradesh,India,126327,32417,3,Resigned,0,0,2019-04-16,2025-01-02 10:00:00,0,3.3,2026-07-14 14:35:14,2026-07-14 14:35:14
EMP0433,Divya,Verma,employee433@gmail.com,9917478353,35,Male,Business,DevOps Engineer,Team Lead,Hyderabad,Delhi,India,93642,38889,20,Inactive,1,0,2024-09-11,2026-05-01 10:00:00,0,1.8,2026-07-14 14:35:14,2026-07-14 14:35:14
EMP0434,Vikram,Gupta,employee434@gmail.com,9584834497,58,Male,DevOps,Software Engineer,Manager,Indore,Tamil Nadu,India,201664,25909,0,Inactive,1,0,2023-06-27,2023-07-03 10:00:00,1,3.8,2026-07-14 14:35:14,2026-07-14 14:35:14
EMP0435,Ramesh,Naidu,employee435@gmail.com,9610583965,27,Female,HR,Software Engineer,Employee,Chennai,Tamil Nadu,India,20773,19601,23,Inactive,1,1,2019-07-02,2025-02-17 10:00:00,0,2.4,2026-07-14 14:35:14,2026-07-14 14:35:14
EMP0436,Varun,Sharma,employee436@gmail.com,9511540407,51,Female,Java,Software Engineer,Team Lead,Vijayawada,Karnataka,India,121545,36685,6,Inactive,0,1,2019-03-03,2020-02-25 10:00:00,1,4.2,2026-07-14 14:35:14,2026-07-14 14:35:14
EMP0437,Lakshmi,Gupta,employee437@gmail.com,9568727801,32,Male,ERP,Technical Lead,Employee,Visakhapatnam,West Bengal,India,104186,38395,12,Inactive,1,1,2021-03-28,2022-11-18 10:00:00,1,4.6,2026-07-14 14:35:14,2026-07-14 14:35:14
EMP0438,Anitha,Gupta,employee438@gmail.com,9484475438,39,Male,ERP,Manager,Admin,Chennai,Rajasthan,India,93669,9188,19,Active,0,1,2019-02-07,2020-03-11 10:00:00,0,4.3,2026-07-14 14:35:14,2026-07-14 14:35:14
EMP0439,Ramesh,Patel,employee439@gmail.com,9531215382,54,Female,Mobile,Manager,Admin,Guntur,Delhi,India,208287,14408,24,Active,1,0,2020-11-09,2022-12-18 10:00:00,0,1.2,2026-07-14 14:35:14,2026-07-14 14:35:14
EMP0440,Ravi,Kumar,employee440@gmail.com,9490914416,60,Male,Admin,Technical Lead,Intern,Mumbai,Karnataka,India,118121,22517,0,Inactive,1,0,2018-05-04,2019-10-07 10:00:00,0,1.2,2026-07-14 14:35:14,2026-07-14 14:35:14
EMP0441,Sai,Rao,employee441@gmail.com,9776815914,36,Female,Python,Accountant,Intern,Indore,Madhya Pradesh,India,21066,7039,13,Resigned,1,0,2020-03-16,2022-12-04 10:00:00,1,3.6,2026-07-14 14:35:14,2026-07-14 14:35:14
EMP0442,Varun,Kumar,employee442@gmail.com,9213861540,27,Male,Marketing,Junior Developer,Intern,Mysuru,Karnataka,India,182676,20963,25,Inactive,0,0,2021-11-10,2026-07-04 10:00:00,1,3.6,2026-07-14 14:35:14,2026-07-14 14:35:14
EMP0443,Varun,Singh,employee443@gmail.com,9243860398,45,Male,UI UX,Junior Developer,Manager,Warangal,Rajasthan,India,37886,47232,8,Inactive,0,1,2022-09-28,2026-03-04 10:00:00,0,3.0,2026-07-14 14:35:14,2026-07-14 14:35:14
EMP0444,Pavan,Singh,employee444@gmail.com,9665591818,24,Male,Data Science,Accountant,Manager,Tirupati,Uttar Pradesh,India,47898,34939,25,Inactive,1,1,2020-05-02,2025-07-11 10:00:00,0,2.6,2026-07-14 14:35:14,2026-07-14 14:35:14
EMP0445,Sai,Das,employee445@gmail.com,9661126443,46,Male,Testing,Accountant,Intern,Hyderabad,Maharashtra,India,49951,36209,4,Active,0,0,2020-01-04,2021-02-14 10:00:00,1,2.1,2026-07-14 14:35:14,2026-07-14 14:35:14
EMP0446,Varun,Naidu,employee446@gmail.com,9107557282,55,Male,Cloud,Accountant,Manager,Mumbai,Uttar Pradesh,India,191416,26218,19,Inactive,0,1,2021-04-26,2025-04-04 10:00:00,0,2.5,2026-07-14 14:35:14,2026-07-14 14:35:14
EMP0447,Harish,Singh,employee447@gmail.com,9836641907,30,Female,Support,Data Analyst,Intern,Mysuru,West Bengal,India,117371,2202,17,Inactive,0,0,2026-03-27,2026-05-31 10:00:00,0,2.1,2026-07-14 14:35:14,2026-07-14 14:35:14
EMP0448,Deepika,Naidu,employee448@gmail.com,9542036738,41,Female,DevOps,Team Lead,Manager,Delhi,Tamil Nadu,India,32852,12316,17,Active,0,0,2022-12-05,2024-03-04 10:00:00,0,2.1,2026-07-14 14:35:14,2026-07-14 14:35:14
EMP0449,Priya,Patel,employee449@gmail.com,9993121491,35,Female,Mobile,Business Analyst,Admin,Hyderabad,Tamil Nadu,India,69888,3422,15,Inactive,1,1,2018-06-16,2025-04-22 10:00:00,0,4.1,2026-07-14 14:35:14,2026-07-14 14:35:14
EMP0450,Sai,Kumar,employee450@gmail.com,9494513596,25,Female,Networking,Data Analyst,Intern,Mysuru,West Bengal,India,119345,28732,3,Resigned,1,1,2022-08-29,2025-10-11 10:00:00,1,1.7,2026-07-14 14:35:14,2026-07-14 14:35:14
EMP0451,Vikram,Verma,employee451@gmail.com,9397709929,59,Male,Admin,Senior Software Engineer,Manager,Nagpur,Kerala,India,141771,2040,2,Resigned,0,0,2018-05-12,2022-07-02 10:00:00,1,1.1,2026-07-14 14:35:14,2026-07-14 14:35:14
EMP0452,Bhavani,Das,employee452@gmail.com,9316296971,54,Female,Finance,DevOps Engineer,Manager,Guntur,Delhi,India,122013,37845,14,Inactive,0,1,2024-03-24,2025-12-28 10:00:00,0,2.5,2026-07-14 14:35:14,2026-07-14 14:35:14
EMP0453,Keerthi,Gupta,employee453@gmail.com,9464007042,39,Male,Cloud,Tester,Team Lead,Kochi,Delhi,India,114322,34880,1,Resigned,1,1,2024-12-16,2025-12-20 10:00:00,0,1.0,2026-07-14 14:35:14,2026-07-14 14:35:14
EMP0454,Lakshmi,Gupta,employee454@gmail.com,9105472460,57,Female,DevOps,Senior Software Engineer,Admin,Coimbatore,Delhi,India,223883,24585,16,Resigned,0,0,2020-10-01,2025-01-29 10:00:00,1,1.2,2026-07-14 14:35:14,2026-07-14 14:35:14
EMP0455,Bhavani,Sharma,employee455@gmail.com,9334771652,20,Male,React,Business Analyst,Manager,Warangal,Madhya Pradesh,India,27895,17285,0,Resigned,0,0,2020-08-21,2021-09-09 10:00:00,1,3.0,2026-07-14 14:35:14,2026-07-14 14:35:14
EMP0456,Bhavani,Naidu,employee456@gmail.com,9454057025,41,Female,Mobile,Data Analyst,Manager,Delhi,Telangana,India,230715,28070,25,Resigned,0,0,2023-09-01,2024-11-16 10:00:00,1,4.0,2026-07-14 14:35:14,2026-07-14 14:35:14
EMP0457,Divya,Rao,employee457@gmail.com,9758208905,46,Female,Cloud,Technical Lead,Intern,Indore,Madhya Pradesh,India,91266,25887,11,Resigned,1,0,2018-11-11,2023-11-09 10:00:00,1,4.5,2026-07-14 14:35:14,2026-07-14 14:35:14
EMP0458,Sai,Naidu,employee458@gmail.com,9377021312,54,Female,ERP,HR Executive,Admin,Lucknow,Tamil Nadu,India,61468,47405,18,Active,1,1,2020-06-23,2023-02-12 10:00:00,1,4.7,2026-07-14 14:35:14,2026-07-14 14:35:14
EMP0459,Bhavani,Rao,employee459@gmail.com,9463551665,22,Male,Data Science,Tester,Manager,Visakhapatnam,Tamil Nadu,India,161119,28306,3,Inactive,0,1,2018-11-12,2025-05-29 10:00:00,1,4.3,2026-07-14 14:35:14,2026-07-14 14:35:14
EMP0460,Sai,Reddy,employee460@gmail.com,9264450223,36,Female,Marketing,Project Manager,Manager,Coimbatore,Delhi,India,117657,11195,10,Resigned,1,0,2021-05-15,2025-12-09 10:00:00,1,2.8,2026-07-14 14:35:14,2026-07-14 14:35:14
EMP0461,Suresh,Sharma,employee461@gmail.com,9790370574,51,Female,React,Cloud Engineer,Employee,Hyderabad,Andhra Pradesh,India,224295,15876,13,Resigned,1,0,2019-05-31,2024-08-11 10:00:00,1,2.0,2026-07-14 14:35:14,2026-07-14 14:35:14
EMP0462,Harish,Kumar,employee462@gmail.com,9843512824,38,Male,Design,HR Executive,Employee,Kolkata,Karnataka,India,27213,45493,0,Inactive,1,0,2021-09-29,2023-02-13 10:00:00,1,1.5,2026-07-14 14:35:14,2026-07-14 14:35:14
EMP0463,Arjun,Das,employee463@gmail.com,9510763343,60,Male,Networking,HR Executive,Team Lead,Mysuru,Andhra Pradesh,India,127725,34772,17,Inactive,1,0,2020-05-17,2023-08-26 10:00:00,1,2.6,2026-07-14 14:35:14,2026-07-14 14:35:14
EMP0464,Vikram,Naidu,employee464@gmail.com,9359911050,40,Male,Support,Cloud Engineer,Employee,Vijayawada,Kerala,India,128694,18702,16,Resigned,1,0,2024-10-01,2026-06-11 10:00:00,1,2.6,2026-07-14 14:35:14,2026-07-14 14:35:14
EMP0465,Ganesh,Naidu,employee465@gmail.com,9162548236,60,Female,React,Data Analyst,Intern,Hyderabad,Maharashtra,India,118901,35132,12,Resigned,0,0,2022-08-28,2023-04-14 10:00:00,0,2.4,2026-07-14 14:35:14,2026-07-14 14:35:14
EMP0466,Sneha,Gupta,employee466@gmail.com,9527063525,44,Female,Business,Manager,Intern,Hyderabad,Telangana,India,222629,37003,11,Resigned,1,0,2019-02-26,2019-07-12 10:00:00,0,4.4,2026-07-14 14:35:14,2026-07-14 14:35:14
EMP0467,Ajay,Verma,employee467@gmail.com,9389580283,49,Male,Marketing,Business Analyst,Admin,Hyderabad,Madhya Pradesh,India,150339,40551,22,Active,1,1,2024-02-14,2024-02-22 10:00:00,1,1.5,2026-07-14 14:35:14,2026-07-14 14:35:14
EMP0468,Ravi,Patel,employee468@gmail.com,9967823095,22,Female,HR,Accountant,Admin,Mumbai,Telangana,India,72975,38156,1,Resigned,1,0,2021-09-28,2024-06-16 10:00:00,1,4.9,2026-07-14 14:35:14,2026-07-14 14:35:14
EMP0469,Akhil,Singh,employee469@gmail.com,9961612076,24,Male,Admin,Accountant,Employee,Delhi,Madhya Pradesh,India,71326,31300,0,Inactive,1,1,2019-08-16,2025-08-02 10:00:00,1,1.1,2026-07-14 14:35:14,2026-07-14 14:35:14
EMP0470,Bhavani,Gupta,employee470@gmail.com,9215432320,40,Male,Sales,Data Analyst,Admin,Coimbatore,Kerala,India,142415,29783,19,Active,0,0,2019-03-01,2023-01-16 10:00:00,0,2.2,2026-07-14 14:35:14,2026-07-14 14:35:14
EMP0471,Ganesh,Sharma,employee471@gmail.com,9768211065,60,Male,Design,Cloud Engineer,Team Lead,Mysuru,Karnataka,India,157734,9046,24,Resigned,1,0,2023-12-03,2026-05-30 10:00:00,0,3.0,2026-07-14 14:35:14,2026-07-14 14:35:14
EMP0472,Sneha,Singh,employee472@gmail.com,9661564020,29,Female,Networking,Intern,Admin,Chennai,Maharashtra,India,192393,14927,0,Inactive,1,0,2019-05-11,2026-05-20 10:00:00,1,4.1,2026-07-14 14:35:14,2026-07-14 14:35:14
EMP0473,Madhu,Sharma,employee473@gmail.com,9479206725,57,Female,ERP,Software Engineer,Team Lead,Hyderabad,Uttar Pradesh,India,169135,21956,5,Active,1,1,2024-02-10,2026-02-13 10:00:00,0,1.4,2026-07-14 14:35:14,2026-07-14 14:35:14
EMP0474,Sai,Das,employee474@gmail.com,9671179606,20,Male,QA,Manager,Admin,Bengaluru,Delhi,India,59586,34998,19,Resigned,1,1,2026-04-20,2026-05-29 10:00:00,1,2.9,2026-07-14 14:35:14,2026-07-14 14:35:14
EMP0475,Deepika,Verma,employee475@gmail.com,9455142224,28,Male,Design,Business Analyst,Manager,Nagpur,Rajasthan,India,151171,34609,0,Resigned,0,0,2022-02-26,2026-05-06 10:00:00,0,1.1,2026-07-14 14:35:14,2026-07-14 14:35:14
EMP0476,Sneha,Singh,employee476@gmail.com,9429210720,33,Female,Accounts,Junior Developer,Manager,Jaipur,West Bengal,India,165223,31496,12,Inactive,0,1,2022-08-13,2025-07-12 10:00:00,1,2.6,2026-07-14 14:35:14,2026-07-14 14:35:14
EMP0477,Ravi,Das,employee477@gmail.com,9245928704,34,Female,Accounts,HR Executive,Admin,Kolkata,Madhya Pradesh,India,244783,33714,19,Inactive,0,0,2026-04-05,2026-05-07 10:00:00,0,3.2,2026-07-14 14:35:14,2026-07-14 14:35:14
EMP0478,Suresh,Singh,employee478@gmail.com,9741249868,43,Female,QA,Project Manager,Intern,Jaipur,Maharashtra,India,93328,49921,10,Resigned,1,0,2024-10-14,2026-05-31 10:00:00,0,4.6,2026-07-14 14:35:14,2026-07-14 14:35:14
EMP0479,Naveen,Patel,employee479@gmail.com,9910260564,41,Female,Operations,Intern,Intern,Vijayawada,Kerala,India,155921,41040,16,Inactive,0,0,2020-05-24,2023-05-27 10:00:00,1,1.3,2026-07-14 14:35:14,2026-07-14 14:35:14
EMP0480,Priya,Sharma,employee480@gmail.com,9559311653,52,Male,Support,Software Engineer,Manager,Vijayawada,Telangana,India,78156,43924,6,Active,0,1,2019-07-20,2021-07-15 10:00:00,1,3.0,2026-07-14 14:35:14,2026-07-14 14:35:14
EMP0481,Ajay,Kumar,employee481@gmail.com,9730873326,56,Male,Cloud,Data Analyst,Team Lead,Nagpur,Maharashtra,India,176241,1379,12,Inactive,0,1,2026-03-11,2026-03-13 10:00:00,0,2.4,2026-07-14 14:35:14,2026-07-14 14:35:14
EMP0482,Harish,Reddy,employee482@gmail.com,9877924617,36,Female,Data Science,Tester,Team Lead,Warangal,Madhya Pradesh,India,54620,23820,22,Resigned,1,0,2025-12-16,2026-07-02 10:00:00,1,2.6,2026-07-14 14:35:14,2026-07-14 14:35:14
EMP0483,Madhu,Gupta,employee483@gmail.com,9135516817,41,Female,Finance,DevOps Engineer,Employee,Coimbatore,Andhra Pradesh,India,49958,49096,2,Resigned,0,0,2025-10-27,2026-04-01 10:00:00,0,3.8,2026-07-14 14:35:14,2026-07-14 14:35:14
EMP0484,Sneha,Singh,employee484@gmail.com,9356076513,53,Female,ERP,DevOps Engineer,Manager,Delhi,Maharashtra,India,218745,43589,4,Inactive,0,1,2019-05-03,2020-11-13 10:00:00,1,1.2,2026-07-14 14:35:14,2026-07-14 14:35:14
EMP0485,Akhil,Das,employee485@gmail.com,9618491645,35,Male,Support,Technical Lead,Admin,Pune,Telangana,India,50305,16527,5,Inactive,1,0,2020-09-17,2023-12-15 10:00:00,0,3.8,2026-07-14 14:35:14,2026-07-14 14:35:14
EMP0486,Naveen,Rao,employee486@gmail.com,9665500858,33,Female,Design,Intern,Manager,Bengaluru,West Bengal,India,50141,4768,2,Active,0,1,2018-06-30,2021-12-26 10:00:00,0,3.5,2026-07-14 14:35:14,2026-07-14 14:35:14
EMP0487,Suresh,Verma,employee487@gmail.com,9903842449,38,Female,Admin,Software Engineer,Manager,Lucknow,West Bengal,India,146060,36806,9,Resigned,1,0,2020-05-26,2024-01-03 10:00:00,0,4.8,2026-07-14 14:35:14,2026-07-14 14:35:14
EMP0488,Pavan,Patel,employee488@gmail.com,9328504911,36,Female,ERP,Accountant,Intern,Jaipur,West Bengal,India,248856,22982,19,Resigned,0,1,2022-10-24,2023-08-26 10:00:00,1,1.8,2026-07-14 14:35:14,2026-07-14 14:35:14
EMP0489,Varun,Verma,employee489@gmail.com,9427967814,52,Male,React,Accountant,Intern,Warangal,Madhya Pradesh,India,141016,34148,23,Inactive,0,0,2024-06-28,2025-08-26 10:00:00,1,1.2,2026-07-14 14:35:14,2026-07-14 14:35:14
EMP0490,Pavan,Sharma,employee490@gmail.com,9353374725,37,Female,Python,Software Engineer,Team Lead,Visakhapatnam,Uttar Pradesh,India,206525,7657,1,Inactive,0,1,2023-02-18,2024-12-10 10:00:00,0,2.0,2026-07-14 14:35:14,2026-07-14 14:35:14
EMP0491,Ravi,Verma,employee491@gmail.com,9938863433,51,Male,Mobile,Manager,Manager,Visakhapatnam,Madhya Pradesh,India,80357,7707,23,Active,1,0,2021-05-31,2022-12-31 10:00:00,1,1.7,2026-07-14 14:35:14,2026-07-14 14:35:14
EMP0492,Sai,Naidu,employee492@gmail.com,9637378642,38,Female,DevOps,Cloud Engineer,Employee,Bhopal,Kerala,India,24680,2387,8,Active,1,0,2021-09-06,2024-01-04 10:00:00,1,3.2,2026-07-14 14:35:14,2026-07-14 14:35:14
EMP0493,Pavan,Das,employee493@gmail.com,9723168126,43,Female,Data Science,Business Analyst,Employee,Nagpur,Telangana,India,201674,32781,5,Active,0,1,2021-08-02,2025-08-29 10:00:00,1,3.1,2026-07-14 14:35:14,2026-07-14 14:35:14
EMP0494,Pavan,Rao,employee494@gmail.com,9118219039,41,Female,QA,Business Analyst,Team Lead,Mumbai,Uttar Pradesh,India,161844,15972,15,Resigned,0,0,2021-10-06,2025-03-27 10:00:00,0,1.4,2026-07-14 14:35:14,2026-07-14 14:35:14
EMP0495,Deepika,Patel,employee495@gmail.com,9626084589,21,Male,Testing,Tester,Intern,Kochi,West Bengal,India,244926,25756,5,Resigned,1,0,2018-06-13,2023-09-28 10:00:00,1,2.7,2026-07-14 14:35:14,2026-07-14 14:35:14
EMP0496,Ajay,Gupta,employee496@gmail.com,9459155578,20,Male,Operations,Senior Software Engineer,Intern,Guntur,Andhra Pradesh,India,180919,1271,6,Resigned,1,1,2026-01-02,2026-03-09 10:00:00,0,1.6,2026-07-14 14:35:14,2026-07-14 14:35:14
EMP0497,Naveen,Das,employee497@gmail.com,9794374436,43,Female,Mobile,Accountant,Intern,Bhopal,Tamil Nadu,India,213227,17595,10,Resigned,0,1,2024-08-25,2026-03-11 10:00:00,0,4.4,2026-07-14 14:35:14,2026-07-14 14:35:14
EMP0498,Suresh,Reddy,employee498@gmail.com,9455575901,23,Male,QA,Senior Software Engineer,Admin,Jaipur,Maharashtra,India,166963,12625,15,Inactive,1,0,2025-06-15,2026-02-02 10:00:00,0,1.4,2026-07-14 14:35:14,2026-07-14 14:35:14
EMP0499,Arjun,Sharma,employee499@gmail.com,9335727712,29,Female,Marketing,Senior Software Engineer,Manager,Warangal,Karnataka,India,230343,29441,16,Active,1,1,2025-03-26,2025-04-21 10:00:00,0,1.0,2026-07-14 14:35:14,2026-07-14 14:35:14
EMP0500,Bhavani,Rao,employee500@gmail.com,9972852802,31,Female,Operations,Team Lead,Team Lead,Chennai,Karnataka,India,165401,6578,0,Resigned,1,0,2022-04-11,2023-06-30 10:00:00,1,2.3,2026-07-14 14:35:14,2026-07-14 14:35:14
